Product Name,Price,Rating,Reviews,Original_Price,Price_Difference,Out_of_Stock,Brand,Sponsored,Delivery_Mumbai,Delivery_Delhi
Necklaces & Chains,100,3.4,0,120.0,20.0,0,Necklaces,Sponsored,5,5
Necklaces & Chains,200,3.4,0,240.0,40.0,0,Necklaces,Organic,5,4
Necklaces & Chains,500,3.4,0,600.0,100.0,1,Necklaces,Organic,2,3
Necklaces & Chains,700,3.4,0,840.0,140.0,1,Necklaces,Organic,5,2
Necklaces & Chains,1500,3.4,0,1800.0,300.0,0,Necklaces,Organic,2,1
Necklaces & Chains,100,3.4,0,120.0,20.0,0,Necklaces,Organic,3,1
Necklaces & Chains,200,3.4,0,240.0,40.0,0,Necklaces,Organic,5,3
Necklaces & Chains,500,3.4,0,600.0,100.0,0,Necklaces,Organic,2,2
Necklaces & Chains,700,3.4,0,840.0,140.0,0,Necklaces,Organic,1,5
Necklaces & Chains,1500,3.4,0,1800.0,300.0,0,Necklaces,Organic,1,3
Necklaces & Chains,1500,3.4,0,1800.0,300.0,0,Necklaces,Organic,3,1
American diamond locket chain necklace for girl And wom...,114,3.4,0,136.79999999999998,22.799999999999983,0,American,Organic,5,5
American diamond locket chain necklace for girl And wom...,298,3.4,0,357.59999999999997,59.599999999999966,0,American,Organic,4,1
Copper Gold-plated Red Jewel Set,581,3.4,0,697.1999999999999,116.19999999999993,0,Copper,Organic,4,4
Copper Gold-plated Red Jewel Set,1399,3.4,0,1678.8,279.79999999999995,0,Copper,Sponsored,5,4
"Brass Gold-plated Silver, White Jewel Set",156,3.4,0,187.2,31.19999999999999,0,Brass,Sponsored,5,5
"Brass Gold-plated Silver, White Jewel Set",999,3.4,0,1198.8,199.79999999999995,1,Brass,Organic,5,1
"Alloy Silver Silver, White Jewel Set",170,3.4,0,204.0,34.0,0,Alloy,Organic,1,2
"Alloy Silver Silver, White Jewel Set",499,3.4,0,598.8,99.79999999999995,0,Alloy,Organic,1,5
"Alloy Silver Silver, White Jewel Set",170,3.4,0,204.0,34.0,1,Alloy,Organic,1,2
"Alloy Silver Silver, White Jewel Set",499,3.4,0,598.8,99.79999999999995,0,Alloy,Organic,2,4
"Brass Gold-plated Gold, White Jewel Set",199,3.4,0,238.79999999999998,39.79999999999998,0,Brass,Organic,3,4
"Brass Gold-plated Gold, White Jewel Set",399,3.4,0,478.79999999999995,79.79999999999995,0,Brass,Organic,1,4
Alloy Gold-plated White Jewel Set,320,3.4,0,384.0,64.0,0,Alloy,Organic,5,4
Alloy Gold-plated White Jewel Set,699,3.4,0,838.8,139.79999999999995,1,Alloy,Organic,4,2
Brass Sterling Silver Silver Jewel Set,191,3.4,0,229.2,38.19999999999999,0,Brass,Organic,5,5
Brass Sterling Silver Silver Jewel Set,999,3.4,0,1198.8,199.79999999999995,0,Brass,Organic,4,5
"Brass, Stone, Crystal, Stainless Steel Gold-plated Silv...",143,3.4,0,171.6,28.599999999999994,0,"Brass,",Organic,5,1
"Brass, Stone, Crystal, Stainless Steel Gold-plated Silv...",999,3.4,0,1198.8,199.79999999999995,1,"Brass,",Organic,3,5
"Brass Gold-plated Rose Gold, White, Pink Jewel Set",151,3.4,0,181.2,30.19999999999999,0,Brass,Organic,4,4
"Brass Gold-plated Rose Gold, White, Pink Jewel Set",999,3.4,0,1198.8,199.79999999999995,0,Brass,Sponsored,1,1
Alloy Gold-plated Rose Gold Jewel Set,255,3.4,0,306.0,51.0,1,Alloy,Sponsored,5,1
Alloy Gold-plated Rose Gold Jewel Set,499,3.4,0,598.8,99.79999999999995,0,Alloy,Organic,5,5
Metal White Jewel Set,413,3.4,0,495.59999999999997,82.59999999999997,0,Metal,Organic,3,3
Metal White Jewel Set,599,3.4,0,718.8,119.79999999999995,1,Metal,Organic,5,4
Diamond Gold-plated Plated Alloy Necklace Set Diamond B...,144,3.4,0,172.79999999999998,28.799999999999983,1,Diamond,Organic,5,3
Diamond Gold-plated Plated Alloy Necklace Set Diamond B...,999,3.4,0,1198.8,199.79999999999995,0,Diamond,Organic,4,3
Diamond Gold-plated Plated Stainless Steel Necklace,210,3.4,0,252.0,42.0,0,Diamond,Organic,4,5
Diamond Gold-plated Plated Stainless Steel Necklace,399,3.4,0,478.79999999999995,79.79999999999995,0,Diamond,Organic,4,3
"Brass Gold-plated Gold, White Jewel Set",249,3.4,0,298.8,49.80000000000001,0,Brass,Organic,3,2
"Brass Gold-plated Gold, White Jewel Set",999,3.4,0,1198.8,199.79999999999995,0,Brass,Organic,5,3
"Brass Gold-plated Gold, Pink Jewel Set",160,3.4,0,192.0,32.0,0,Brass,Organic,5,2
"Brass Gold-plated Gold, Pink Jewel Set",1999,3.4,0,2398.7999999999997,399.7999999999997,0,Brass,Organic,1,1
"Brass Gold-plated Gold, Black Jewel Set",123,3.4,0,147.6,24.599999999999994,1,Brass,Organic,5,5
"Brass Gold-plated Gold, Black Jewel Set",699,3.4,0,838.8,139.79999999999995,0,Brass,Organic,5,2
Stunning Pink Stone Silver-Toned Rhodium Plated Pendant...,219,3.4,0,262.8,43.80000000000001,0,Stunning,Sponsored,5,3
Stunning Pink Stone Silver-Toned Rhodium Plated Pendant...,599,3.4,0,718.8,119.79999999999995,0,Stunning,Organic,1,5
"Brass, Alloy Gold-plated, Rhodium Gold, White Jewel Set",140,3.4,0,168.0,28.0,0,"Brass,",Organic,1,1
"Brass, Alloy Gold-plated, Rhodium Gold, White Jewel Set",749,3.4,0,898.8,149.79999999999995,1,"Brass,",Organic,1,5
Alloy Rhodium White Jewel Set,170,3.4,0,204.0,34.0,0,Alloy,Organic,3,2
Alloy Rhodium White Jewel Set,1799,3.4,0,2158.7999999999997,359.7999999999997,0,Alloy,Organic,5,2
"Brass Gold-plated Rose Gold, Grey, White Jewel Set",196,3.4,0,235.2,39.19999999999999,0,Brass,Organic,5,4
"Brass Gold-plated Rose Gold, Grey, White Jewel Set",999,3.4,0,1198.8,199.79999999999995,0,Brass,Organic,4,5
Diamond Gold-plated Plated Alloy Necklace Set Diamond B...,137,3.4,0,164.4,27.400000000000006,0,Diamond,Organic,2,4
Diamond Gold-plated Plated Alloy Necklace Set Diamond B...,999,3.4,0,1198.8,199.79999999999995,0,Diamond,Organic,5,1
"Brass Silver, Gold-plated Rose Gold, White, Purple Jewe...",269,3.4,0,322.8,53.80000000000001,1,Brass,Organic,5,1
"Brass Silver, Gold-plated Rose Gold, White, Purple Jewe...",1299,3.4,0,1558.8,259.79999999999995,0,Brass,Organic,2,1
Diamond Gold-plated Plated Alloy Necklace Set Diamond B...,150,3.4,0,180.0,30.0,0,Diamond,Organic,5,3
Diamond Gold-plated Plated Alloy Necklace Set Diamond B...,999,3.4,0,1198.8,199.79999999999995,0,Diamond,Organic,1,2
"Brass, Alloy Gold-plated, Rhodium Gold, White Jewel Set",140,3.4,0,168.0,28.0,1,"Brass,",Sponsored,2,2
"Brass, Alloy Gold-plated, Rhodium Gold, White Jewel Set",749,3.4,0,898.8,149.79999999999995,0,"Brass,",Organic,2,5
Diamond Gold-plated Plated Alloy Necklace Set Diamond B...,153,3.4,0,183.6,30.599999999999994,0,Diamond,Sponsored,2,5
Diamond Gold-plated Plated Alloy Necklace Set Diamond B...,999,3.4,0,1198.8,199.79999999999995,0,Diamond,Organic,5,5
Alloy Gold-plated Gold Jewel Set,250,3.4,0,300.0,50.0,1,Alloy,Organic,4,5
Alloy Gold-plated Gold Jewel Set,1999,3.4,0,2398.7999999999997,399.7999999999997,0,Alloy,Organic,3,4
"Brass, Stone, Crystal, Stainless Steel Gold-plated Silv...",156,3.4,0,187.2,31.19999999999999,0,"Brass,",Organic,3,4
"Brass, Stone, Crystal, Stainless Steel Gold-plated Silv...",999,3.4,0,1198.8,199.79999999999995,0,"Brass,",Organic,2,2
"Brass, Alloy Gold-plated, Rhodium Gold, White Jewel Set",140,3.4,0,168.0,28.0,0,"Brass,",Sponsored,5,4
"Brass, Alloy Gold-plated, Rhodium Gold, White Jewel Set",749,3.4,0,898.8,149.79999999999995,0,"Brass,",Sponsored,3,2
Alloy Rhodium Silver Jewel Set,239,3.4,0,286.8,47.80000000000001,1,Alloy,Organic,1,5
Alloy Rhodium Silver Jewel Set,1999,3.4,0,2398.7999999999997,399.7999999999997,0,Alloy,Organic,2,2
"Brass, Stone, Crystal, Stainless Steel Gold-plated Silv...",147,3.4,0,176.4,29.400000000000006,0,"Brass,",Organic,1,3
"Brass, Stone, Crystal, Stainless Steel Gold-plated Silv...",999,3.4,0,1198.8,199.79999999999995,0,"Brass,",Organic,5,3
"Brass Gold-plated Gold, Maroon Jewel Set",156,3.4,0,187.2,31.19999999999999,0,Brass,Organic,4,2
"Brass Gold-plated Gold, Maroon Jewel Set",999,3.4,0,1198.8,199.79999999999995,0,Brass,Organic,3,4
"Brass, Alloy Gold-plated, Rhodium Gold, Black Jewel Set",140,3.4,0,168.0,28.0,1,"Brass,",Organic,5,5
"Brass, Alloy Gold-plated, Rhodium Gold, Black Jewel Set",749,3.4,0,898.8,149.79999999999995,0,"Brass,",Organic,3,2
Alloy Rhodium White Jewel Set,180,3.4,0,216.0,36.0,0,Alloy,Organic,5,2
Alloy Rhodium White Jewel Set,1799,3.4,0,2158.7999999999997,359.7999999999997,0,Alloy,Organic,2,3
"Brass Silver Silver, White, Purple Jewel Set",176,3.4,0,211.2,35.19999999999999,0,Brass,Organic,1,2
"Brass Silver Silver, White, Purple Jewel Set",999,3.4,0,1198.8,199.79999999999995,1,Brass,Organic,2,2
Brass Gold-plated Gold Jewel Set,139,3.4,0,166.79999999999998,27.799999999999983,1,Brass,Organic,1,5
Brass Gold-plated Gold Jewel Set,999,3.4,0,1198.8,199.79999999999995,0,Brass,Organic,5,2
Brass Gold-plated Gold Jewel Set,215,3.4,0,258.0,43.0,0,Brass,Organic,5,4
"Brass, Alloy Gold-plated, Rhodium Gold, Turquoise Jewel...",140,3.4,0,168.0,28.0,0,"Brass,",Organic,3,4
"Brass, Alloy Gold-plated, Rhodium Gold, Turquoise Jewel...",749,3.4,0,898.8,149.79999999999995,0,"Brass,",Organic,5,4
Diamond Silver Plated Stainless Steel Necklace,153,3.4,0,183.6,30.599999999999994,0,Diamond,Organic,5,1
Diamond Silver Plated Stainless Steel Necklace,1299,3.4,0,1558.8,259.79999999999995,0,Diamond,Organic,3,1
"Brass Gold-plated Gold, White Jewel Set",245,3.4,0,294.0,49.0,1,Brass,Organic,1,4
"Brass Gold-plated Gold, White Jewel Set",999,3.4,0,1198.8,199.79999999999995,0,Brass,Organic,5,3
"Brass Gold-plated Rose Gold, Purple, Pink Jewel Set",211,3.4,0,253.2,42.19999999999999,0,Brass,Organic,1,2
"Brass Gold-plated Rose Gold, Purple, Pink Jewel Set",999,3.4,0,1198.8,199.79999999999995,0,Brass,Organic,4,3
"Brass Gold-plated Rose Gold, Purple, Pink Jewel Set",180,3.8,842,216.0,36.0,0,Brass,Organic,5,2
"Brass Gold-plated Rose Gold, Purple, Pink Jewel Set",269,3.8,98,322.8,53.80000000000001,0,Brass,Organic,5,5
"Brass Gold-plated Rose Gold, Purple, Pink Jewel Set",151,3.8,23,181.2,30.19999999999999,0,Brass,Organic,1,5
"Brass Gold-plated Rose Gold, Purple, Pink Jewel Set",170,4.2,2762,204.0,34.0,0,Brass,Sponsored,4,4
"Brass Gold-plated Rose Gold, Purple, Pink Jewel Set",239,,0,286.8,47.80000000000001,0,Brass,Organic,3,1
Necklaces & Chains,100,3.4,0,120.0,20.0,0,Necklaces,Sponsored,3,1
Necklaces & Chains,200,3.4,0,240.0,40.0,0,Necklaces,Organic,2,1
Necklaces & Chains,500,3.4,0,600.0,100.0,0,Necklaces,Organic,5,5
Necklaces & Chains,700,3.4,0,840.0,140.0,0,Necklaces,Organic,5,2
Necklaces & Chains,1500,3.4,0,1800.0,300.0,0,Necklaces,Organic,2,3
Necklaces & Chains,100,3.4,0,120.0,20.0,1,Necklaces,Organic,1,3
Necklaces & Chains,200,3.4,0,240.0,40.0,0,Necklaces,Organic,1,2
Necklaces & Chains,500,3.4,0,600.0,100.0,1,Necklaces,Organic,1,5
Necklaces & Chains,700,3.4,0,840.0,140.0,0,Necklaces,Organic,5,4
Necklaces & Chains,1500,3.4,0,1800.0,300.0,1,Necklaces,Organic,4,1
Necklaces & Chains,1500,3.4,0,1800.0,300.0,0,Necklaces,Organic,1,2
Alloy Gold-plated Pink Jewel Set,285,3.4,0,342.0,57.0,0,Alloy,Organic,5,3
Alloy Gold-plated Pink Jewel Set,1999,3.4,0,2398.7999999999997,399.7999999999997,1,Alloy,Sponsored,5,5
Brass Gold-plated White Jewel Set,1698,3.4,0,2037.6,339.5999999999999,0,Brass,Organic,2,3
Brass Gold-plated White Jewel Set,5499,3.4,0,6598.8,1099.8000000000002,0,Brass,Sponsored,3,1
Alloy Gold-plated Gold Jewel Set,180,3.4,0,216.0,36.0,0,Alloy,Organic,5,2
Alloy Gold-plated Gold Jewel Set,699,3.4,0,838.8,139.79999999999995,0,Alloy,Organic,5,3
"Brass, Alloy Gold-plated, Rhodium Gold, Green Jewel Set",140,3.4,0,168.0,28.0,0,"Brass,",Sponsored,2,4
"Brass, Alloy Gold-plated, Rhodium Gold, Green Jewel Set",749,3.4,0,898.8,149.79999999999995,0,"Brass,",Organic,1,2
Diamond Gold-plated Plated Alloy Necklace,139,3.4,0,166.79999999999998,27.799999999999983,0,Diamond,Sponsored,3,3
Diamond Gold-plated Plated Alloy Necklace,1000,3.4,0,1200.0,200.0,0,Diamond,Organic,3,2
Alloy Rhodium White Jewel Set,208,3.4,0,249.6,41.599999999999994,0,Alloy,Organic,1,3
Alloy Rhodium White Jewel Set,2099,3.4,0,2518.7999999999997,419.7999999999997,0,Alloy,Organic,3,2
925 Sterling Silver Shri Krishna Diamond Pendant for Wo...,2768,3.4,0,3321.6,553.5999999999999,0,925,Organic,1,5
925 Sterling Silver Shri Krishna Diamond Pendant for Wo...,3999,3.4,0,4798.8,799.8000000000002,0,925,Organic,4,5
925 Sterling Silver Shri Krishna Diamond Pendant for Wo...,215,3.4,0,258.0,43.0,0,925,Organic,2,2
Winnifred Anti Tarnish Stainless Steel Gold Single Diam...,219,3.4,0,262.8,43.80000000000001,1,Winnifred,Sponsored,5,4
Winnifred Anti Tarnish Stainless Steel Gold Single Diam...,999,3.4,0,1198.8,199.79999999999995,0,Winnifred,Organic,4,1
"Brass Gold-plated Silver, White Jewel Set",154,3.4,0,184.79999999999998,30.799999999999983,0,Brass,Organic,4,4
"Brass Gold-plated Silver, White Jewel Set",999,3.4,0,1198.8,199.79999999999995,0,Brass,Organic,2,4
Diamond Gold-plated Plated Alloy Necklace,167,3.4,0,200.4,33.400000000000006,0,Diamond,Organic,1,4
Diamond Gold-plated Plated Alloy Necklace,1499,3.4,0,1798.8,299.79999999999995,0,Diamond,Sponsored,2,2
Alloy Gold-plated Gold Jewel Set,250,3.4,0,300.0,50.0,0,Alloy,Organic,3,2
Alloy Gold-plated Gold Jewel Set,1999,3.4,0,2398.7999999999997,399.7999999999997,0,Alloy,Organic,1,4
"Alloy Gold-plated Pink, Gold Jewel Set",354,3.4,0,424.8,70.80000000000001,0,Alloy,Organic,2,4
"Alloy Gold-plated Pink, Gold Jewel Set",1499,3.4,0,1798.8,299.79999999999995,0,Alloy,Organic,3,2
Diamond Gold-plated Plated Alloy Necklace,139,3.4,0,166.79999999999998,27.799999999999983,0,Diamond,Organic,5,1
Diamond Gold-plated Plated Alloy Necklace,1300,3.4,0,1560.0,260.0,0,Diamond,Organic,5,5
Beautiful Round Shape Choker Necklace Design Diamond Si...,271,3.4,0,325.2,54.19999999999999,0,Beautiful,Sponsored,2,1
Beautiful Round Shape Choker Necklace Design Diamond Si...,1099,3.4,0,1318.8,219.79999999999995,0,Beautiful,Organic,1,4
Diamond Gold-plated Plated Alloy Necklace,184,3.4,0,220.79999999999998,36.79999999999998,0,Diamond,Organic,3,4
Diamond Gold-plated Plated Alloy Necklace,1499,3.4,0,1798.8,299.79999999999995,0,Diamond,Organic,1,3
Diamond Gold-plated Plated Alloy Necklace,198,3.4,0,237.6,39.599999999999994,0,Diamond,Organic,3,3
Diamond Gold-plated Plated Alloy Necklace,1499,3.4,0,1798.8,299.79999999999995,0,Diamond,Organic,2,3
"Alloy Gold-plated Black, Gold, White Jewel Set",841,3.4,0,1009.1999999999999,168.19999999999993,0,Alloy,Organic,3,1
"Alloy Gold-plated Black, Gold, White Jewel Set",2569,3.4,0,3082.7999999999997,513.7999999999997,0,Alloy,Organic,4,5
Diamond Gold-plated Plated Brass Chain,168,3.4,0,201.6,33.599999999999994,0,Diamond,Organic,3,1
Diamond Gold-plated Plated Brass Chain,999,3.4,0,1198.8,199.79999999999995,0,Diamond,Organic,5,5
Diamond Gold-plated Plated Brass Chain,26,3.4,0,31.2,5.199999999999999,0,Diamond,Organic,4,2
Alloy Silver Silver Jewel Set,109,3.4,0,130.79999999999998,21.799999999999983,0,Alloy,Organic,4,2
Alloy Silver Silver Jewel Set,999,3.4,0,1198.8,199.79999999999995,0,Alloy,Organic,2,4
Brass Silver White Jewel Set,149,3.4,0,178.79999999999998,29.799999999999983,0,Brass,Organic,1,4
Brass Silver White Jewel Set,999,3.4,0,1198.8,199.79999999999995,0,Brass,Organic,3,1
Alloy Rhodium White Jewel Set,348,3.4,0,417.59999999999997,69.59999999999997,0,Alloy,Organic,3,5
Alloy Rhodium White Jewel Set,4199,3.4,0,5038.8,839.8000000000002,0,Alloy,Organic,2,4
Alloy Gold-plated Gold Jewel Set,202,3.4,0,242.39999999999998,40.39999999999998,0,Alloy,Organic,1,4
Alloy Gold-plated Gold Jewel Set,999,3.4,0,1198.8,199.79999999999995,0,Alloy,Organic,3,5
Alloy Copper White Jewel Set,199,3.4,0,238.79999999999998,39.79999999999998,0,Alloy,Organic,5,3
Alloy Copper White Jewel Set,999,3.4,0,1198.8,199.79999999999995,0,Alloy,Organic,1,2
Alloy Copper White Jewel Set,199,3.4,0,238.79999999999998,39.79999999999998,0,Alloy,Organic,5,4
Alloy Copper White Jewel Set,999,3.4,0,1198.8,199.79999999999995,1,Alloy,Organic,5,2
Alloy Copper White Jewel Set,199,3.4,0,238.79999999999998,39.79999999999998,0,Alloy,Sponsored,2,2
Alloy Copper White Jewel Set,999,3.4,0,1198.8,199.79999999999995,0,Alloy,Organic,5,2
Alloy Copper White Jewel Set,199,3.4,0,238.79999999999998,39.79999999999998,0,Alloy,Organic,4,2
Alloy Copper White Jewel Set,999,3.4,0,1198.8,199.79999999999995,0,Alloy,Organic,4,5
Alloy Silver White Jewel Set,188,3.4,0,225.6,37.599999999999994,0,Alloy,Sponsored,3,5
Alloy Silver White Jewel Set,299,3.4,0,358.8,59.80000000000001,0,Alloy,Organic,4,2
Diamond Stone Necklace,226,3.4,0,271.2,45.19999999999999,0,Diamond,Sponsored,2,3
Diamond Stone Necklace,799,3.4,0,958.8,159.79999999999995,0,Diamond,Organic,4,1
Alloy Rhodium White Jewel Set,214,3.4,0,256.8,42.80000000000001,1,Alloy,Organic,3,5
Alloy Rhodium White Jewel Set,2149,3.4,0,2578.7999999999997,429.7999999999997,0,Alloy,Organic,5,5
Brass Gold-plated White Jewel Set,1244,3.4,0,1492.8,248.79999999999995,0,Brass,Organic,4,5
Brass Gold-plated White Jewel Set,4499,3.4,0,5398.8,899.8000000000002,0,Brass,Organic,5,5
Alloy Rhodium White Jewel Set,360,3.4,0,432.0,72.0,0,Alloy,Organic,3,3
Alloy Rhodium White Jewel Set,3999,3.4,0,4798.8,799.8000000000002,0,Alloy,Sponsored,2,1
"Alloy Copper White, Blue Jewel Set",296,3.4,0,355.2,59.19999999999999,0,Alloy,Organic,5,4
"Alloy Copper White, Blue Jewel Set",999,3.4,0,1198.8,199.79999999999995,0,Alloy,Sponsored,2,3
Alloy Copper White Jewel Set,287,3.4,0,344.4,57.39999999999998,1,Alloy,Organic,1,4
Alloy Copper White Jewel Set,999,3.4,0,1198.8,199.79999999999995,1,Alloy,Organic,2,3
Alloy Copper Silver Jewel Set,296,3.4,0,355.2,59.19999999999999,0,Alloy,Organic,5,2
Alloy Copper Silver Jewel Set,999,3.4,0,1198.8,199.79999999999995,0,Alloy,Organic,4,5
Alloy Copper White Jewel Set,296,3.4,0,355.2,59.19999999999999,0,Alloy,Sponsored,5,4
Alloy Copper White Jewel Set,999,3.4,0,1198.8,199.79999999999995,0,Alloy,Organic,3,3
Alloy Copper White Jewel Set,296,3.4,0,355.2,59.19999999999999,0,Alloy,Sponsored,2,5
Alloy Copper White Jewel Set,999,3.4,0,1198.8,199.79999999999995,0,Alloy,Organic,2,5
"Alloy Gold-plated White, Gold Jewel Set",166,3.4,0,199.2,33.19999999999999,0,Alloy,Organic,2,1
"Alloy Gold-plated White, Gold Jewel Set",890,3.4,0,1068.0,178.0,0,Alloy,Organic,1,2
Alloy Rhodium Rose Gold Jewel Set,236,3.4,0,283.2,47.19999999999999,1,Alloy,Organic,2,5
Alloy Rhodium Rose Gold Jewel Set,2699,3.4,0,3238.7999999999997,539.7999999999997,0,Alloy,Organic,2,3
Brass Rhodium Green Jewel Set,1234,3.4,0,1480.8,246.79999999999995,0,Brass,Organic,5,2
Brass Rhodium Green Jewel Set,2499,3.4,0,2998.7999999999997,499.7999999999997,0,Brass,Organic,5,2
Diamond Silver Plated Alloy Necklace Set,222,3.4,0,266.4,44.39999999999998,0,Diamond,Organic,5,1
Diamond Silver Plated Alloy Necklace Set,799,3.4,0,958.8,159.79999999999995,0,Diamond,Organic,3,4
Diamond Silver Plated Alloy Necklace Set,180,3.8,842,216.0,36.0,0,Diamond,Organic,3,2
Diamond Silver Plated Alloy Necklace Set,269,3.8,98,322.8,53.80000000000001,0,Diamond,Sponsored,5,3
Diamond Silver Plated Alloy Necklace Set,151,3.8,23,181.2,30.19999999999999,0,Diamond,Organic,3,4
Diamond Silver Plated Alloy Necklace Set,170,4.2,2762,204.0,34.0,0,Diamond,Organic,5,5
Diamond Silver Plated Alloy Necklace Set,239,,0,286.8,47.80000000000001,0,Diamond,Organic,3,4
Necklaces & Chains,100,3.4,0,120.0,20.0,0,Necklaces,Organic,5,1
Necklaces & Chains,200,3.4,0,240.0,40.0,0,Necklaces,Organic,4,5
Necklaces & Chains,500,3.4,0,600.0,100.0,0,Necklaces,Organic,3,3
Necklaces & Chains,700,3.4,0,840.0,140.0,0,Necklaces,Organic,1,1
Necklaces & Chains,1500,3.4,0,1800.0,300.0,1,Necklaces,Organic,4,3
Necklaces & Chains,100,3.4,0,120.0,20.0,0,Necklaces,Organic,3,5
Necklaces & Chains,200,3.4,0,240.0,40.0,0,Necklaces,Organic,5,1
Necklaces & Chains,500,3.4,0,600.0,100.0,0,Necklaces,Sponsored,2,3
Necklaces & Chains,700,3.4,0,840.0,140.0,0,Necklaces,Organic,4,5
Necklaces & Chains,1500,3.4,0,1800.0,300.0,0,Necklaces,Sponsored,2,2
Necklaces & Chains,1500,3.4,0,1800.0,300.0,0,Necklaces,Sponsored,4,1
"Brass, Stone, Crystal, Stainless Steel Gold-plated Silv...",147,3.4,0,176.4,29.400000000000006,0,"Brass,",Organic,3,3
"Brass, Stone, Crystal, Stainless Steel Gold-plated Silv...",999,3.4,0,1198.8,199.79999999999995,0,"Brass,",Organic,2,2
Brass Gold-plated White Jewel Set,1244,3.4,0,1492.8,248.79999999999995,0,Brass,Organic,3,3
Brass Gold-plated White Jewel Set,4499,3.4,0,5398.8,899.8000000000002,0,Brass,Organic,2,3
Diamond Palladium Plated Brass Necklace,247,3.4,0,296.4,49.39999999999998,0,Diamond,Organic,4,1
Diamond Palladium Plated Brass Necklace,1000,3.4,0,1200.0,200.0,0,Diamond,Organic,5,4
Diamond Gold-plated Plated Stainless Steel Necklace,210,3.4,0,252.0,42.0,0,Diamond,Organic,3,4
Diamond Gold-plated Plated Stainless Steel Necklace,399,3.4,0,478.79999999999995,79.79999999999995,0,Diamond,Organic,4,5
"Brass, Alloy Gold-plated, Rhodium Gold, White Jewel Set",140,3.4,0,168.0,28.0,0,"Brass,",Organic,1,3
"Brass, Alloy Gold-plated, Rhodium Gold, White Jewel Set",749,3.4,0,898.8,149.79999999999995,0,"Brass,",Organic,5,3
"Brass, Alloy Gold-plated, Rhodium Gold, White Jewel Set",140,3.4,0,168.0,28.0,0,"Brass,",Organic,2,4
"Brass, Alloy Gold-plated, Rhodium Gold, White Jewel Set",749,3.4,0,898.8,149.79999999999995,0,"Brass,",Organic,4,3
Brass Rhodium Silver Jewel Set,576,3.4,0,691.1999999999999,115.19999999999993,0,Brass,Organic,5,2
Brass Rhodium Silver Jewel Set,2799,3.4,0,3358.7999999999997,559.7999999999997,0,Brass,Sponsored,3,5
Trendy Diamond Chain Necklace Combo Pack Of 5 For Women...,143,3.4,0,171.6,28.599999999999994,0,Trendy,Sponsored,1,5
Trendy Diamond Chain Necklace Combo Pack Of 5 For Women...,1299,3.4,0,1558.8,259.79999999999995,0,Trendy,Organic,3,5
"Brass, Alloy Gold-plated, Rhodium Gold, White Jewel Set",140,3.4,0,168.0,28.0,0,"Brass,",Organic,2,2
"Brass, Alloy Gold-plated, Rhodium Gold, White Jewel Set",749,3.4,0,898.8,149.79999999999995,0,"Brass,",Sponsored,1,4
®Pearl Necklace Jewellery for Groom Seven Line Dulha Mo...,486,3.4,0,583.1999999999999,97.19999999999993,0,®Pearl,Organic,4,1
®Pearl Necklace Jewellery for Groom Seven Line Dulha Mo...,1849,3.4,0,2218.7999999999997,369.7999999999997,0,®Pearl,Organic,3,4
Brass Rhodium Pink Jewel Set,1485,3.4,0,1782.0,297.0,0,Brass,Organic,2,2
Brass Rhodium Pink Jewel Set,5499,3.4,0,6598.8,1099.8000000000002,0,Brass,Organic,2,1
Brass Rhodium Blue Jewel Set,1255,3.4,0,1506.0,251.0,0,Brass,Sponsored,1,4
Brass Rhodium Blue Jewel Set,5499,3.4,0,6598.8,1099.8000000000002,0,Brass,Organic,2,5
"Brass, Stone, Crystal, Stainless Steel Gold-plated Silv...",156,3.4,0,187.2,31.19999999999999,0,"Brass,",Sponsored,3,2
"Brass, Stone, Crystal, Stainless Steel Gold-plated Silv...",999,3.4,0,1198.8,199.79999999999995,0,"Brass,",Organic,5,2
shimmering beautiful pack of 6 necklace and chain combo...,142,3.4,0,170.4,28.400000000000006,1,shimmering,Organic,4,1
shimmering beautiful pack of 6 necklace and chain combo...,1399,3.4,0,1678.8,279.79999999999995,0,shimmering,Organic,4,2
"Brass, Alloy Gold-plated, Rhodium Gold, Black Jewel Set",140,3.4,0,168.0,28.0,0,"Brass,",Organic,4,4
"Brass, Alloy Gold-plated, Rhodium Gold, Black Jewel Set",749,3.4,0,898.8,149.79999999999995,0,"Brass,",Sponsored,5,3
Combo of 4 Traditional 18 inch Daily Wear Necklace Set ...,125,3.4,0,150.0,25.0,0,Combo,Organic,3,3
Combo of 4 Traditional 18 inch Daily Wear Necklace Set ...,849,3.4,0,1018.8,169.79999999999995,1,Combo,Organic,1,5
Brass Rhodium Blue Jewel Set,2475,3.4,0,2970.0,495.0,1,Brass,Organic,2,3
Brass Rhodium Blue Jewel Set,7999,3.4,0,9598.8,1599.7999999999993,0,Brass,Organic,2,2
Trendy Diamond Chain Necklace Combo Pack Of 5 For Women...,130,3.4,0,156.0,26.0,0,Trendy,Organic,3,5
Trendy Diamond Chain Necklace Combo Pack Of 5 For Women...,1299,3.4,0,1558.8,259.79999999999995,0,Trendy,Sponsored,4,5
Alloy Rhodium White Jewel Set,215,3.4,0,258.0,43.0,0,Alloy,Sponsored,3,4
Alloy Rhodium White Jewel Set,1399,3.4,0,1678.8,279.79999999999995,0,Alloy,Organic,4,1
"Brass, Alloy Gold-plated, Rhodium Gold, Turquoise Jewel...",140,3.4,0,168.0,28.0,1,"Brass,",Organic,3,1
"Brass, Alloy Gold-plated, Rhodium Gold, Turquoise Jewel...",749,3.4,0,898.8,149.79999999999995,0,"Brass,",Organic,5,5
Brass Gold-plated White Jewel Set,1253,3.4,0,1503.6,250.5999999999999,0,Brass,Organic,2,4
Brass Gold-plated White Jewel Set,4399,3.4,0,5278.8,879.8000000000002,1,Brass,Organic,3,4
Purple (Pink) Diamond Attached Heart Shape Pendant with...,191,3.4,0,229.2,38.19999999999999,0,Purple,Sponsored,3,3
Purple (Pink) Diamond Attached Heart Shape Pendant with...,999,3.4,0,1198.8,199.79999999999995,0,Purple,Organic,2,4
Butterfly Diamond Tanmaniya Chain For Women And Girls D...,255,3.4,0,306.0,51.0,0,Butterfly,Organic,2,2
Butterfly Diamond Tanmaniya Chain For Women And Girls D...,499,3.4,0,598.8,99.79999999999995,0,Butterfly,Organic,4,1
Wynona Magnetic four hearts clover pendant necklace Dia...,273,3.4,0,327.59999999999997,54.599999999999966,0,Wynona,Organic,4,4
Wynona Magnetic four hearts clover pendant necklace Dia...,999,3.4,0,1198.8,199.79999999999995,0,Wynona,Organic,1,3
"Brass Gold-plated Gold, Green Jewel Set",144,3.4,0,172.79999999999998,28.799999999999983,0,Brass,Organic,1,1
"Brass Gold-plated Gold, Green Jewel Set",999,3.4,0,1198.8,199.79999999999995,0,Brass,Organic,2,2
Brass Gold-plated Gold Jewel Set,198,3.4,0,237.6,39.599999999999994,0,Brass,Organic,4,2
Brass Gold-plated Gold Jewel Set,999,3.4,0,1198.8,199.79999999999995,0,Brass,Organic,5,1
Brass Gold-plated Green Jewel Set,2013,3.4,0,2415.6,402.5999999999999,0,Brass,Organic,5,2
Brass Gold-plated Green Jewel Set,7299,3.4,0,8758.8,1459.7999999999993,0,Brass,Sponsored,1,2
Brass Gold-plated Silver Jewel Set,1273,3.4,0,1527.6,254.5999999999999,0,Brass,Sponsored,5,1
Brass Gold-plated Silver Jewel Set,6399,3.4,0,7678.799999999999,1279.7999999999993,0,Brass,Organic,1,1
Rose Gold Plated Clavicle Chain Zircon Jewellery Box Bl...,167,3.4,0,200.4,33.400000000000006,0,Rose,Organic,1,3
Rose Gold Plated Clavicle Chain Zircon Jewellery Box Bl...,999,3.4,0,1198.8,199.79999999999995,0,Rose,Organic,5,5
"Brass, Alloy Gold-plated, Rhodium Gold, Red Jewel Set",140,3.4,0,168.0,28.0,0,"Brass,",Organic,4,5
"Brass, Alloy Gold-plated, Rhodium Gold, Red Jewel Set",749,3.4,0,898.8,149.79999999999995,0,"Brass,",Organic,2,1
Brass Rhodium Pink Jewel Set,1764,3.4,0,2116.7999999999997,352.7999999999997,0,Brass,Organic,1,5
Brass Rhodium Pink Jewel Set,6399,3.4,0,7678.799999999999,1279.7999999999993,0,Brass,Sponsored,5,1
"Brass Gold-plated Rose Gold, Purple, Pink Jewel Set",211,3.4,0,253.2,42.19999999999999,0,Brass,Organic,5,5
"Brass Gold-plated Rose Gold, Purple, Pink Jewel Set",999,3.4,0,1198.8,199.79999999999995,0,Brass,Organic,4,4
Alloy Gold-plated Multicolor Jewel Set,420,3.4,0,504.0,84.0,0,Alloy,Sponsored,5,3
Alloy Gold-plated Multicolor Jewel Set,1299,3.4,0,1558.8,259.79999999999995,0,Alloy,Organic,4,4
Brass Gold-plated Gold Jewel Set,195,3.4,0,234.0,39.0,0,Brass,Organic,3,5
Brass Gold-plated Gold Jewel Set,399,3.4,0,478.79999999999995,79.79999999999995,0,Brass,Organic,1,4
Alloy Brass Rose Gold Jewel Set,159,3.4,0,190.79999999999998,31.799999999999983,1,Alloy,Sponsored,4,1
Alloy Brass Rose Gold Jewel Set,1499,3.4,0,1798.8,299.79999999999995,0,Alloy,Sponsored,2,3
"Brass, Alloy Gold-plated, Rhodium Gold, Turquoise Jewel...",140,3.4,0,168.0,28.0,0,"Brass,",Organic,3,3
"Brass, Alloy Gold-plated, Rhodium Gold, Turquoise Jewel...",749,3.4,0,898.8,149.79999999999995,0,"Brass,",Organic,1,3
Brass Gold-plated Green Jewel Set,1698,3.4,0,2037.6,339.5999999999999,0,Brass,Organic,4,5
Brass Gold-plated Green Jewel Set,5499,3.4,0,6598.8,1099.8000000000002,0,Brass,Organic,1,4
Copper Silver Pink Jewel Set,456,3.4,0,547.1999999999999,91.19999999999993,1,Copper,Organic,2,1
Copper Silver Pink Jewel Set,1999,3.4,0,2398.7999999999997,399.7999999999997,0,Copper,Sponsored,2,1
PACK PF 1 SLIVER NACKLECE CHAIN FOR GIRLS Diamond Silve...,129,3.4,0,154.79999999999998,25.799999999999983,0,PACK,Organic,1,4
PACK PF 1 SLIVER NACKLECE CHAIN FOR GIRLS Diamond Silve...,999,3.4,0,1198.8,199.79999999999995,0,PACK,Organic,3,3
Premium Silver-Plated CZ Diamond Butterfly Pearl Neckla...,188,3.4,0,225.6,37.599999999999994,0,Premium,Organic,1,3
Premium Silver-Plated CZ Diamond Butterfly Pearl Neckla...,999,3.4,0,1198.8,199.79999999999995,0,Premium,Organic,2,5
Premium Silver-Plated CZ Diamond Butterfly Pearl Neckla...,180,3.8,842,216.0,36.0,0,Premium,Organic,1,5
Premium Silver-Plated CZ Diamond Butterfly Pearl Neckla...,269,3.8,98,322.8,53.80000000000001,0,Premium,Organic,5,2
Premium Silver-Plated CZ Diamond Butterfly Pearl Neckla...,151,3.8,23,181.2,30.19999999999999,0,Premium,Organic,1,3
Premium Silver-Plated CZ Diamond Butterfly Pearl Neckla...,170,4.2,2762,204.0,34.0,0,Premium,Organic,5,3
Premium Silver-Plated CZ Diamond Butterfly Pearl Neckla...,239,,0,286.8,47.80000000000001,0,Premium,Organic,5,2
Necklaces & Chains,100,3.4,0,120.0,20.0,0,Necklaces,Sponsored,2,3
Necklaces & Chains,200,3.4,0,240.0,40.0,1,Necklaces,Sponsored,4,2
Necklaces & Chains,500,3.4,0,600.0,100.0,0,Necklaces,Organic,4,4
Necklaces & Chains,700,3.4,0,840.0,140.0,1,Necklaces,Organic,1,3
Necklaces & Chains,1500,3.4,0,1800.0,300.0,0,Necklaces,Sponsored,1,4
Necklaces & Chains,100,3.4,0,120.0,20.0,1,Necklaces,Organic,5,1
Necklaces & Chains,200,3.4,0,240.0,40.0,0,Necklaces,Organic,4,3
Necklaces & Chains,500,3.4,0,600.0,100.0,0,Necklaces,Organic,4,1
Necklaces & Chains,700,3.4,0,840.0,140.0,0,Necklaces,Sponsored,3,3
Necklaces & Chains,1500,3.4,0,1800.0,300.0,0,Necklaces,Organic,5,4
Necklaces & Chains,1500,3.4,0,1800.0,300.0,0,Necklaces,Sponsored,2,4
Alloy Green Jewel Set,286,3.4,0,343.2,57.19999999999999,0,Alloy,Organic,3,4
Alloy Green Jewel Set,799,3.4,0,958.8,159.79999999999995,0,Alloy,Organic,4,1
Gold Plated Combo Of 5 Neck lace Pendant Chain For Wome...,243,3.4,0,291.59999999999997,48.599999999999966,0,Gold,Organic,4,4
Gold Plated Combo Of 5 Neck lace Pendant Chain For Wome...,999,3.4,0,1198.8,199.79999999999995,0,Gold,Organic,4,2
Gold Plated Combo Of 5 Neck lace Pendant Chain For Wome...,2003,3.4,0,2403.6,400.5999999999999,0,Gold,Organic,4,1
Amreican Diamond Gold Plated 24 Inch Copper Mugappu Cha...,253,3.4,0,303.59999999999997,50.599999999999966,0,Amreican,Organic,3,5
Amreican Diamond Gold Plated 24 Inch Copper Mugappu Cha...,1299,3.4,0,1558.8,259.79999999999995,0,Amreican,Organic,4,4
Diamond Gold-plated Plated Stainless Steel Necklace,210,3.4,0,252.0,42.0,1,Diamond,Sponsored,5,3
Diamond Gold-plated Plated Stainless Steel Necklace,399,3.4,0,478.79999999999995,79.79999999999995,0,Diamond,Organic,4,1
"Brass, Alloy Gold-plated, Rhodium Gold, White Jewel Set",140,3.4,0,168.0,28.0,0,"Brass,",Organic,4,4
"Brass, Alloy Gold-plated, Rhodium Gold, White Jewel Set",749,3.4,0,898.8,149.79999999999995,0,"Brass,",Organic,3,4
"Brass, Alloy Gold-plated, Rhodium Gold, White Jewel Set",140,3.4,0,168.0,28.0,0,"Brass,",Organic,3,3
"Brass, Alloy Gold-plated, Rhodium Gold, White Jewel Set",749,3.4,0,898.8,149.79999999999995,1,"Brass,",Organic,4,4
Diamond Gold-plated Plated Alloy Necklace,121,3.4,0,145.2,24.19999999999999,0,Diamond,Organic,3,4
Diamond Gold-plated Plated Alloy Necklace,1299,3.4,0,1558.8,259.79999999999995,0,Diamond,Organic,2,4
Copper Gold-plated Pink Jewel Set,1827,3.4,0,2192.4,365.4000000000001,0,Copper,Sponsored,2,5
Copper Gold-plated Pink Jewel Set,5699,3.4,0,6838.8,1139.8000000000002,0,Copper,Organic,4,3
"Brass, Alloy Gold-plated, Rhodium Gold, White Jewel Set",140,3.4,0,168.0,28.0,1,"Brass,",Organic,1,3
"Brass, Alloy Gold-plated, Rhodium Gold, White Jewel Set",749,3.4,0,898.8,149.79999999999995,0,"Brass,",Sponsored,4,1
"AdjustableCoupleRingsComboforloversgiftvaentine Brass, ...",135,3.4,0,162.0,27.0,0,AdjustableCoupleRingsComboforloversgiftvaentine,Organic,2,2
"AdjustableCoupleRingsComboforloversgiftvaentine Brass, ...",1000,3.4,0,1200.0,200.0,0,AdjustableCoupleRingsComboforloversgiftvaentine,Organic,3,5
Pack of 1 Pendant Necklace Chain for Women and Girls Pe...,900,3.4,0,1080.0,180.0,0,Pack,Organic,5,2
Pack of 1 Pendant Necklace Chain for Women and Girls Pe...,1999,3.4,0,2398.7999999999997,399.7999999999997,1,Pack,Organic,4,1
Brass Gold-plated Pink Jewel Set,1273,3.4,0,1527.6,254.5999999999999,1,Brass,Sponsored,5,1
Brass Gold-plated Pink Jewel Set,5499,3.4,0,6598.8,1099.8000000000002,1,Brass,Organic,4,4
"Stone, Alloy Silver Brown Jewel Set",233,3.4,0,279.59999999999997,46.599999999999966,0,"Stone,",Sponsored,1,5
"Stone, Alloy Silver Brown Jewel Set",799,3.4,0,958.8,159.79999999999995,0,"Stone,",Organic,5,1
Brass Gold-plated Gold Jewel Set,206,3.4,0,247.2,41.19999999999999,0,Brass,Organic,3,4
Brass Gold-plated Gold Jewel Set,399,3.4,0,478.79999999999995,79.79999999999995,0,Brass,Organic,2,3
"Brass, Alloy Gold-plated, Rhodium Gold, Black Jewel Set",140,3.4,0,168.0,28.0,0,"Brass,",Sponsored,4,5
"Brass, Alloy Gold-plated, Rhodium Gold, Black Jewel Set",749,3.4,0,898.8,149.79999999999995,0,"Brass,",Organic,1,3
Diamond Silver Plated Alloy Necklace,111,3.4,0,133.2,22.19999999999999,0,Diamond,Organic,4,2
Diamond Silver Plated Alloy Necklace,599,3.4,0,718.8,119.79999999999995,0,Diamond,Organic,5,5
Alloy Gold-plated Rose Gold Jewel Set,1253,3.4,0,1503.6,250.5999999999999,1,Alloy,Sponsored,4,5
Alloy Gold-plated Rose Gold Jewel Set,4499,3.4,0,5398.8,899.8000000000002,0,Alloy,Organic,1,3
Alloy Silver Jewel Set,286,3.4,0,343.2,57.19999999999999,0,Alloy,Organic,4,2
Alloy Silver Jewel Set,799,3.4,0,958.8,159.79999999999995,0,Alloy,Organic,2,2
Wynona Magnetic four hearts clover pendant necklace Dia...,269,3.4,0,322.8,53.80000000000001,0,Wynona,Organic,5,1
Wynona Magnetic four hearts clover pendant necklace Dia...,999,3.4,0,1198.8,199.79999999999995,0,Wynona,Organic,1,4
"Brass, Alloy Gold-plated, Rhodium Gold, Turquoise Jewel...",140,3.4,0,168.0,28.0,0,"Brass,",Sponsored,1,2
"Brass, Alloy Gold-plated, Rhodium Gold, Turquoise Jewel...",749,3.4,0,898.8,149.79999999999995,0,"Brass,",Organic,1,5
Brass Rhodium Pink Jewel Set,1255,3.4,0,1506.0,251.0,0,Brass,Sponsored,3,1
Brass Rhodium Pink Jewel Set,5499,3.4,0,6598.8,1099.8000000000002,0,Brass,Organic,5,5
Alloy Gold Jewel Set,300,3.4,0,360.0,60.0,0,Alloy,Organic,5,3
Alloy Gold Jewel Set,799,3.4,0,958.8,159.79999999999995,0,Alloy,Organic,3,5
Alloy Gold-plated Gold Jewel Set,2730,3.4,0,3276.0,546.0,1,Alloy,Organic,5,2
Winnifred Heart Ring Design Pendant Daily Wear Daily Ch...,167,3.4,0,200.4,33.400000000000006,0,Winnifred,Sponsored,2,1
Winnifred Heart Ring Design Pendant Daily Wear Daily Ch...,1499,3.4,0,1798.8,299.79999999999995,0,Winnifred,Organic,1,1
Combo of 4 Pendant Necklace Chain for Women and Girls P...,199,3.4,0,238.79999999999998,39.79999999999998,0,Combo,Sponsored,1,5
Combo of 4 Pendant Necklace Chain for Women and Girls P...,1199,3.4,0,1438.8,239.79999999999995,1,Combo,Organic,2,3
Diamond Titanium Plated Alloy Necklace,130,3.4,0,156.0,26.0,0,Diamond,Organic,1,2
Diamond Titanium Plated Alloy Necklace,899,3.4,0,1078.8,179.79999999999995,0,Diamond,Sponsored,4,1
Diamond Brass Plated Stainless Steel Necklace,169,3.4,0,202.79999999999998,33.79999999999998,0,Diamond,Organic,4,5
Diamond Brass Plated Stainless Steel Necklace,599,3.4,0,718.8,119.79999999999995,0,Diamond,Organic,5,5
"Stone, Alloy Silver Pink, Silver Jewel Set",234,3.4,0,280.8,46.80000000000001,0,"Stone,",Organic,5,1
"Stone, Alloy Silver Pink, Silver Jewel Set",666,3.4,0,799.1999999999999,133.19999999999993,0,"Stone,",Organic,3,5
"Brass Gold-plated Rose Gold, White, Pink Jewel Set",151,3.4,0,181.2,30.19999999999999,0,Brass,Sponsored,1,1
"Brass Gold-plated Rose Gold, White, Pink Jewel Set",999,3.4,0,1198.8,199.79999999999995,0,Brass,Organic,1,3
"Brass, Alloy Gold-plated, Rhodium Gold, Red Jewel Set",140,3.4,0,168.0,28.0,0,"Brass,",Organic,2,5
"Brass, Alloy Gold-plated, Rhodium Gold, Red Jewel Set",749,3.4,0,898.8,149.79999999999995,0,"Brass,",Organic,1,1
925 Sterling Silver Leaf Diamond Pendant for Women & Gi...,3620,3.4,0,4344.0,724.0,0,925,Organic,5,1
925 Sterling Silver Leaf Diamond Pendant for Women & Gi...,4499,3.4,0,5398.8,899.8000000000002,0,925,Sponsored,4,4
Brass Rhodium Blue Jewel Set,1246,3.4,0,1495.2,249.20000000000005,0,Brass,Organic,3,3
Brass Rhodium Blue Jewel Set,4599,3.4,0,5518.8,919.8000000000002,0,Brass,Organic,1,2
Korean Women's Double Chain Butterfly Shaped Cubic Zirc...,155,3.4,0,186.0,31.0,0,Korean,Organic,5,4
Korean Women's Double Chain Butterfly Shaped Cubic Zirc...,1299,3.4,0,1558.8,259.79999999999995,0,Korean,Organic,4,2
Gold Plated for Women Diamond Gold-plated Plated Alloy ...,378,3.4,0,453.59999999999997,75.59999999999997,0,Gold,Sponsored,4,4
Gold Plated for Women Diamond Gold-plated Plated Alloy ...,2690,3.4,0,3228.0,538.0,0,Gold,Sponsored,1,4
"Brass Gold-plated Gold, Green Jewel Set",144,3.4,0,172.79999999999998,28.799999999999983,0,Brass,Organic,3,3
"Brass Gold-plated Gold, Green Jewel Set",999,3.4,0,1198.8,199.79999999999995,1,Brass,Organic,3,2
"Brass, Alloy Gold-plated, Rhodium Gold, Turquoise Jewel...",140,3.4,0,168.0,28.0,0,"Brass,",Organic,3,5
"Brass, Alloy Gold-plated, Rhodium Gold, Turquoise Jewel...",749,3.4,0,898.8,149.79999999999995,0,"Brass,",Organic,2,4
Brass Rhodium Silver Jewel Set,398,3.4,0,477.59999999999997,79.59999999999997,0,Brass,Organic,4,1
Brass Rhodium Silver Jewel Set,2799,3.4,0,3358.7999999999997,559.7999999999997,0,Brass,Organic,5,4
Brass Rhodium Pink Jewel Set,1236,3.4,0,1483.2,247.20000000000005,0,Brass,Sponsored,4,4
Brass Rhodium Pink Jewel Set,5499,3.4,0,6598.8,1099.8000000000002,0,Brass,Organic,5,4
Diamond Gold-plated Plated Brass Necklace Set,248,3.4,0,297.59999999999997,49.599999999999966,0,Diamond,Organic,1,2
Diamond Gold-plated Plated Brass Necklace Set,999,3.4,0,1198.8,199.79999999999995,1,Diamond,Organic,2,4
Snowflake Rotating Spinning Pendant Chain For Women Gir...,212,3.4,0,254.39999999999998,42.39999999999998,1,Snowflake,Organic,5,1
Snowflake Rotating Spinning Pendant Chain For Women Gir...,699,3.4,0,838.8,139.79999999999995,0,Snowflake,Organic,2,3
Snowflake Rotating Spinning Pendant Chain For Women Gir...,180,3.8,842,216.0,36.0,0,Snowflake,Organic,5,2
Snowflake Rotating Spinning Pendant Chain For Women Gir...,269,3.8,98,322.8,53.80000000000001,0,Snowflake,Sponsored,3,4
Snowflake Rotating Spinning Pendant Chain For Women Gir...,151,3.8,23,181.2,30.19999999999999,0,Snowflake,Sponsored,5,2
Snowflake Rotating Spinning Pendant Chain For Women Gir...,170,4.2,2762,204.0,34.0,0,Snowflake,Sponsored,4,1
Snowflake Rotating Spinning Pendant Chain For Women Gir...,239,,0,286.8,47.80000000000001,0,Snowflake,Organic,1,5
Necklaces & Chains,100,3.4,0,120.0,20.0,0,Necklaces,Organic,3,3
Necklaces & Chains,200,3.4,0,240.0,40.0,0,Necklaces,Organic,1,5
Necklaces & Chains,500,3.4,0,600.0,100.0,1,Necklaces,Sponsored,2,4
Necklaces & Chains,700,3.4,0,840.0,140.0,0,Necklaces,Sponsored,1,5
Necklaces & Chains,1500,3.4,0,1800.0,300.0,0,Necklaces,Sponsored,4,1
Necklaces & Chains,100,3.4,0,120.0,20.0,0,Necklaces,Organic,3,4
Necklaces & Chains,200,3.4,0,240.0,40.0,0,Necklaces,Organic,2,4
Necklaces & Chains,500,3.4,0,600.0,100.0,0,Necklaces,Organic,1,2
Necklaces & Chains,700,3.4,0,840.0,140.0,0,Necklaces,Organic,5,1
Necklaces & Chains,1500,3.4,0,1800.0,300.0,0,Necklaces,Organic,1,4
Necklaces & Chains,1500,3.4,0,1800.0,300.0,0,Necklaces,Organic,2,5
Alloy Green Jewel Set,286,3.4,0,343.2,57.19999999999999,0,Alloy,Organic,4,1
Alloy Green Jewel Set,799,3.4,0,958.8,159.79999999999995,0,Alloy,Organic,1,2
Gold Plated Combo Of 5 Neck lace Pendant Chain For Wome...,243,3.4,0,291.59999999999997,48.599999999999966,0,Gold,Organic,2,2
Gold Plated Combo Of 5 Neck lace Pendant Chain For Wome...,999,3.4,0,1198.8,199.79999999999995,0,Gold,Organic,3,2
Gold Plated Combo Of 5 Neck lace Pendant Chain For Wome...,2003,3.4,0,2403.6,400.5999999999999,1,Gold,Sponsored,4,4
Amreican Diamond Gold Plated 24 Inch Copper Mugappu Cha...,253,3.4,0,303.59999999999997,50.599999999999966,1,Amreican,Organic,4,1
Amreican Diamond Gold Plated 24 Inch Copper Mugappu Cha...,1299,3.4,0,1558.8,259.79999999999995,0,Amreican,Organic,1,5
Diamond Gold-plated Plated Stainless Steel Necklace,210,3.4,0,252.0,42.0,0,Diamond,Organic,1,4
Diamond Gold-plated Plated Stainless Steel Necklace,399,3.4,0,478.79999999999995,79.79999999999995,0,Diamond,Organic,2,4
"Brass, Alloy Gold-plated, Rhodium Gold, White Jewel Set",140,3.4,0,168.0,28.0,0,"Brass,",Organic,3,3
"Brass, Alloy Gold-plated, Rhodium Gold, White Jewel Set",749,3.4,0,898.8,149.79999999999995,1,"Brass,",Organic,3,2
"Brass, Alloy Gold-plated, Rhodium Gold, White Jewel Set",140,3.4,0,168.0,28.0,0,"Brass,",Organic,2,5
"Brass, Alloy Gold-plated, Rhodium Gold, White Jewel Set",749,3.4,0,898.8,149.79999999999995,0,"Brass,",Organic,1,2
Diamond Gold-plated Plated Alloy Necklace,121,3.4,0,145.2,24.19999999999999,0,Diamond,Organic,4,2
Diamond Gold-plated Plated Alloy Necklace,1299,3.4,0,1558.8,259.79999999999995,1,Diamond,Organic,1,1
Copper Gold-plated Pink Jewel Set,1827,3.4,0,2192.4,365.4000000000001,0,Copper,Organic,5,2
Copper Gold-plated Pink Jewel Set,5699,3.4,0,6838.8,1139.8000000000002,1,Copper,Organic,1,3
"Brass, Alloy Gold-plated, Rhodium Gold, White Jewel Set",140,3.4,0,168.0,28.0,0,"Brass,",Organic,3,4
"Brass, Alloy Gold-plated, Rhodium Gold, White Jewel Set",749,3.4,0,898.8,149.79999999999995,0,"Brass,",Organic,2,1
"AdjustableCoupleRingsComboforloversgiftvaentine Brass, ...",135,3.4,0,162.0,27.0,0,AdjustableCoupleRingsComboforloversgiftvaentine,Sponsored,1,2
"AdjustableCoupleRingsComboforloversgiftvaentine Brass, ...",1000,3.4,0,1200.0,200.0,0,AdjustableCoupleRingsComboforloversgiftvaentine,Sponsored,5,5
Pack of 1 Pendant Necklace Chain for Women and Girls Pe...,900,3.4,0,1080.0,180.0,1,Pack,Organic,5,1
Pack of 1 Pendant Necklace Chain for Women and Girls Pe...,1999,3.4,0,2398.7999999999997,399.7999999999997,1,Pack,Organic,2,1
Brass Gold-plated Pink Jewel Set,1273,3.4,0,1527.6,254.5999999999999,0,Brass,Organic,2,2
Brass Gold-plated Pink Jewel Set,5499,3.4,0,6598.8,1099.8000000000002,0,Brass,Organic,5,4
"Stone, Alloy Silver Brown Jewel Set",233,3.4,0,279.59999999999997,46.599999999999966,1,"Stone,",Organic,3,1
"Stone, Alloy Silver Brown Jewel Set",799,3.4,0,958.8,159.79999999999995,0,"Stone,",Organic,3,3
Brass Gold-plated Gold Jewel Set,206,3.4,0,247.2,41.19999999999999,0,Brass,Organic,4,1
Brass Gold-plated Gold Jewel Set,399,3.4,0,478.79999999999995,79.79999999999995,0,Brass,Organic,4,1
"Brass, Alloy Gold-plated, Rhodium Gold, Black Jewel Set",140,3.4,0,168.0,28.0,1,"Brass,",Organic,2,5
"Brass, Alloy Gold-plated, Rhodium Gold, Black Jewel Set",749,3.4,0,898.8,149.79999999999995,0,"Brass,",Organic,3,5
Diamond Silver Plated Alloy Necklace,111,3.4,0,133.2,22.19999999999999,0,Diamond,Organic,4,2
Diamond Silver Plated Alloy Necklace,599,3.4,0,718.8,119.79999999999995,0,Diamond,Organic,1,5
Alloy Gold-plated Rose Gold Jewel Set,1253,3.4,0,1503.6,250.5999999999999,0,Alloy,Organic,3,3
Alloy Gold-plated Rose Gold Jewel Set,4499,3.4,0,5398.8,899.8000000000002,0,Alloy,Organic,1,1
Alloy Silver Jewel Set,286,3.4,0,343.2,57.19999999999999,0,Alloy,Organic,4,1
Alloy Silver Jewel Set,799,3.4,0,958.8,159.79999999999995,0,Alloy,Organic,1,2
Wynona Magnetic four hearts clover pendant necklace Dia...,269,3.4,0,322.8,53.80000000000001,0,Wynona,Organic,4,5
Wynona Magnetic four hearts clover pendant necklace Dia...,999,3.4,0,1198.8,199.79999999999995,0,Wynona,Organic,1,5
"Brass, Alloy Gold-plated, Rhodium Gold, Turquoise Jewel...",140,3.4,0,168.0,28.0,0,"Brass,",Sponsored,3,5
"Brass, Alloy Gold-plated, Rhodium Gold, Turquoise Jewel...",749,3.4,0,898.8,149.79999999999995,0,"Brass,",Organic,2,3
Brass Rhodium Pink Jewel Set,1255,3.4,0,1506.0,251.0,0,Brass,Organic,4,4
Brass Rhodium Pink Jewel Set,5499,3.4,0,6598.8,1099.8000000000002,1,Brass,Organic,4,3
Alloy Gold Jewel Set,300,3.4,0,360.0,60.0,0,Alloy,Organic,3,2
Alloy Gold Jewel Set,799,3.4,0,958.8,159.79999999999995,0,Alloy,Organic,4,2
Alloy Gold-plated Gold Jewel Set,2730,3.4,0,3276.0,546.0,1,Alloy,Sponsored,3,3
Winnifred Heart Ring Design Pendant Daily Wear Daily Ch...,167,3.4,0,200.4,33.400000000000006,0,Winnifred,Organic,3,3
Winnifred Heart Ring Design Pendant Daily Wear Daily Ch...,1499,3.4,0,1798.8,299.79999999999995,0,Winnifred,Organic,4,1
Combo of 4 Pendant Necklace Chain for Women and Girls P...,199,3.4,0,238.79999999999998,39.79999999999998,0,Combo,Organic,3,5
Combo of 4 Pendant Necklace Chain for Women and Girls P...,1199,3.4,0,1438.8,239.79999999999995,0,Combo,Organic,2,1
Diamond Titanium Plated Alloy Necklace,130,3.4,0,156.0,26.0,0,Diamond,Sponsored,4,5
Diamond Titanium Plated Alloy Necklace,899,3.4,0,1078.8,179.79999999999995,1,Diamond,Organic,1,1
Diamond Brass Plated Stainless Steel Necklace,169,3.4,0,202.79999999999998,33.79999999999998,0,Diamond,Sponsored,2,1
Diamond Brass Plated Stainless Steel Necklace,599,3.4,0,718.8,119.79999999999995,0,Diamond,Sponsored,4,2
"Stone, Alloy Silver Pink, Silver Jewel Set",234,3.4,0,280.8,46.80000000000001,0,"Stone,",Organic,5,1
"Stone, Alloy Silver Pink, Silver Jewel Set",666,3.4,0,799.1999999999999,133.19999999999993,1,"Stone,",Sponsored,1,2
"Brass Gold-plated Rose Gold, White, Pink Jewel Set",151,3.4,0,181.2,30.19999999999999,0,Brass,Organic,2,1
"Brass Gold-plated Rose Gold, White, Pink Jewel Set",999,3.4,0,1198.8,199.79999999999995,0,Brass,Sponsored,1,5
"Brass, Alloy Gold-plated, Rhodium Gold, Red Jewel Set",140,3.4,0,168.0,28.0,0,"Brass,",Organic,5,2
"Brass, Alloy Gold-plated, Rhodium Gold, Red Jewel Set",749,3.4,0,898.8,149.79999999999995,1,"Brass,",Organic,2,1
925 Sterling Silver Leaf Diamond Pendant for Women & Gi...,3620,3.4,0,4344.0,724.0,0,925,Organic,3,3
925 Sterling Silver Leaf Diamond Pendant for Women & Gi...,4499,3.4,0,5398.8,899.8000000000002,0,925,Organic,2,4
Brass Rhodium Blue Jewel Set,1246,3.4,0,1495.2,249.20000000000005,0,Brass,Organic,4,5
Brass Rhodium Blue Jewel Set,4599,3.4,0,5518.8,919.8000000000002,0,Brass,Organic,2,1
Korean Women's Double Chain Butterfly Shaped Cubic Zirc...,155,3.4,0,186.0,31.0,0,Korean,Organic,4,1
Korean Women's Double Chain Butterfly Shaped Cubic Zirc...,1299,3.4,0,1558.8,259.79999999999995,0,Korean,Sponsored,2,4
Gold Plated for Women Diamond Gold-plated Plated Alloy ...,378,3.4,0,453.59999999999997,75.59999999999997,0,Gold,Organic,4,1
Gold Plated for Women Diamond Gold-plated Plated Alloy ...,2690,3.4,0,3228.0,538.0,0,Gold,Organic,1,5
"Brass Gold-plated Gold, Green Jewel Set",144,3.4,0,172.79999999999998,28.799999999999983,0,Brass,Organic,5,1
"Brass Gold-plated Gold, Green Jewel Set",999,3.4,0,1198.8,199.79999999999995,1,Brass,Organic,2,1
"Brass, Alloy Gold-plated, Rhodium Gold, Turquoise Jewel...",140,3.4,0,168.0,28.0,1,"Brass,",Organic,5,5
"Brass, Alloy Gold-plated, Rhodium Gold, Turquoise Jewel...",749,3.4,0,898.8,149.79999999999995,0,"Brass,",Organic,3,1
Brass Rhodium Silver Jewel Set,398,3.4,0,477.59999999999997,79.59999999999997,0,Brass,Organic,5,2
Brass Rhodium Silver Jewel Set,2799,3.4,0,3358.7999999999997,559.7999999999997,0,Brass,Organic,2,3
Brass Rhodium Pink Jewel Set,1236,3.4,0,1483.2,247.20000000000005,0,Brass,Organic,2,4
Brass Rhodium Pink Jewel Set,5499,3.4,0,6598.8,1099.8000000000002,0,Brass,Organic,4,3
Diamond Gold-plated Plated Brass Necklace Set,248,3.4,0,297.59999999999997,49.599999999999966,0,Diamond,Organic,2,4
Diamond Gold-plated Plated Brass Necklace Set,999,3.4,0,1198.8,199.79999999999995,1,Diamond,Organic,3,2
Snowflake Rotating Spinning Pendant Chain For Women Gir...,212,3.4,0,254.39999999999998,42.39999999999998,0,Snowflake,Sponsored,2,3
Snowflake Rotating Spinning Pendant Chain For Women Gir...,699,3.4,0,838.8,139.79999999999995,0,Snowflake,Organic,3,1
Snowflake Rotating Spinning Pendant Chain For Women Gir...,180,3.8,842,216.0,36.0,0,Snowflake,Organic,3,2
Snowflake Rotating Spinning Pendant Chain For Women Gir...,269,3.8,98,322.8,53.80000000000001,0,Snowflake,Sponsored,1,2
Snowflake Rotating Spinning Pendant Chain For Women Gir...,151,3.8,23,181.2,30.19999999999999,0,Snowflake,Organic,3,1
Snowflake Rotating Spinning Pendant Chain For Women Gir...,170,4.2,2762,204.0,34.0,0,Snowflake,Organic,4,3
Snowflake Rotating Spinning Pendant Chain For Women Gir...,239,,0,286.8,47.80000000000001,0,Snowflake,Sponsored,4,1
Necklaces & Chains,100,3.4,0,120.0,20.0,0,Necklaces,Organic,1,2
Necklaces & Chains,200,3.4,0,240.0,40.0,0,Necklaces,Organic,2,1
Necklaces & Chains,500,3.4,0,600.0,100.0,1,Necklaces,Organic,1,2
Necklaces & Chains,700,3.4,0,840.0,140.0,0,Necklaces,Organic,4,4
Necklaces & Chains,1500,3.4,0,1800.0,300.0,0,Necklaces,Organic,5,3
Necklaces & Chains,100,3.4,0,120.0,20.0,0,Necklaces,Organic,1,1
Necklaces & Chains,200,3.4,0,240.0,40.0,0,Necklaces,Organic,2,1
Necklaces & Chains,500,3.4,0,600.0,100.0,0,Necklaces,Organic,4,1
Necklaces & Chains,700,3.4,0,840.0,140.0,0,Necklaces,Organic,1,5
Necklaces & Chains,1500,3.4,0,1800.0,300.0,0,Necklaces,Organic,2,5
Necklaces & Chains,1500,3.4,0,1800.0,300.0,0,Necklaces,Organic,1,2
Diamond pendant for women Girls anti tarnish necklace c...,299,3.4,0,358.8,59.80000000000001,0,Diamond,Organic,2,4
Diamond pendant for women Girls anti tarnish necklace c...,999,3.4,0,1198.8,199.79999999999995,1,Diamond,Organic,2,4
Alloy Silver Jewel Set,374,3.4,0,448.8,74.80000000000001,0,Alloy,Organic,1,5
Alloy Silver Jewel Set,999,3.4,0,1198.8,199.79999999999995,0,Alloy,Organic,5,3
Diamond Crystal Necklace,160,3.4,0,192.0,32.0,1,Diamond,Organic,4,2
Diamond Crystal Necklace,399,3.4,0,478.79999999999995,79.79999999999995,1,Diamond,Organic,3,1
"Brass, Alloy Gold-plated, Rhodium Gold, Black Jewel Set",140,3.4,0,168.0,28.0,0,"Brass,",Organic,3,1
"Brass, Alloy Gold-plated, Rhodium Gold, Black Jewel Set",749,3.4,0,898.8,149.79999999999995,0,"Brass,",Organic,1,5
"Stylish Single line Choker, Necklace and Earrings Set, ...",88,3.4,0,105.6,17.599999999999994,0,Stylish,Organic,1,3
"Stylish Single line Choker, Necklace and Earrings Set, ...",1299,3.4,0,1558.8,259.79999999999995,0,Stylish,Sponsored,2,4
"Brass Silver Silver, White, Purple Jewel Set",176,3.4,0,211.2,35.19999999999999,1,Brass,Organic,4,4
"Brass Silver Silver, White, Purple Jewel Set",999,3.4,0,1198.8,199.79999999999995,0,Brass,Organic,2,4
"Alloy Silver, Pink Jewel Set",459,3.4,0,550.8,91.79999999999995,1,Alloy,Organic,5,2
"Alloy Silver, Pink Jewel Set",1999,3.4,0,2398.7999999999997,399.7999999999997,0,Alloy,Organic,2,2
Brass Rhodium Red Jewel Set,518,3.4,0,621.6,103.60000000000002,0,Brass,Organic,1,3
Brass Rhodium Red Jewel Set,3699,3.4,0,4438.8,739.8000000000002,0,Brass,Organic,5,1
Alloy Rhodium Silver Jewel Set,309,3.4,0,370.8,61.80000000000001,0,Alloy,Sponsored,2,2
Alloy Rhodium Silver Jewel Set,2499,3.4,0,2998.7999999999997,499.7999999999997,0,Alloy,Organic,1,1
"Brass, Alloy Gold-plated, Rhodium Gold, Green Jewel Set",140,3.4,0,168.0,28.0,0,"Brass,",Organic,3,1
"Brass, Alloy Gold-plated, Rhodium Gold, Green Jewel Set",749,3.4,0,898.8,149.79999999999995,0,"Brass,",Organic,2,5
"Alloy Gold-plated Green, Red, Gold, White Jewel Set",841,3.4,0,1009.1999999999999,168.19999999999993,0,Alloy,Organic,3,2
"Alloy Gold-plated Green, Red, Gold, White Jewel Set",2569,3.4,0,3082.7999999999997,513.7999999999997,1,Alloy,Sponsored,1,3
"Metal Purple, White Jewel Set",425,3.4,0,510.0,85.0,0,Metal,Organic,2,5
"Metal Purple, White Jewel Set",599,3.4,0,718.8,119.79999999999995,0,Metal,Organic,1,2
Diamond Palladium Plated Brass Necklace,249,3.4,0,298.8,49.80000000000001,0,Diamond,Organic,1,5
Diamond Palladium Plated Brass Necklace,1000,3.4,0,1200.0,200.0,0,Diamond,Organic,1,4
Alloy Rhodium White Jewel Set,348,3.4,0,417.59999999999997,69.59999999999997,0,Alloy,Sponsored,3,4
Alloy Rhodium White Jewel Set,4199,3.4,0,5038.8,839.8000000000002,0,Alloy,Organic,1,3
"Brass Gold-plated Gold, Maroon Jewel Set",156,3.4,0,187.2,31.19999999999999,1,Brass,Organic,1,3
"Brass Gold-plated Gold, Maroon Jewel Set",999,3.4,0,1198.8,199.79999999999995,0,Brass,Organic,1,4
"Brass, Alloy Gold-plated, Rhodium Gold, Red Jewel Set",140,3.4,0,168.0,28.0,0,"Brass,",Sponsored,4,1
"Brass, Alloy Gold-plated, Rhodium Gold, Red Jewel Set",749,3.4,0,898.8,149.79999999999995,0,"Brass,",Organic,1,1
Brass Rose Gold Jewel Set,398,3.4,0,477.59999999999997,79.59999999999997,0,Brass,Organic,3,2
Brass Rose Gold Jewel Set,3699,3.4,0,4438.8,739.8000000000002,0,Brass,Organic,5,5
Brass Rhodium Purple Jewel Set,518,3.4,0,621.6,103.60000000000002,0,Brass,Organic,3,1
Brass Rhodium Purple Jewel Set,3699,3.4,0,4438.8,739.8000000000002,0,Brass,Organic,1,1
BOGHRA SALES combo of 2 Rose-Gold Plated Necklace Chain...,149,3.4,0,178.79999999999998,29.799999999999983,0,BOGHRA,Sponsored,2,1
BOGHRA SALES combo of 2 Rose-Gold Plated Necklace Chain...,999,3.4,0,1198.8,199.79999999999995,0,BOGHRA,Organic,3,4
"Brass Gold-plated Silver, White Jewel Set",154,3.4,0,184.79999999999998,30.799999999999983,0,Brass,Sponsored,4,5
"Brass Gold-plated Silver, White Jewel Set",999,3.4,0,1198.8,199.79999999999995,1,Brass,Organic,5,5
Brass Rhodium Silver Jewel Set,815,3.4,0,978.0,163.0,0,Brass,Organic,1,2
Brass Rhodium Silver Jewel Set,2300,3.4,0,2760.0,460.0,0,Brass,Organic,5,3
Purple (Pink) Diamond Attached Heart Shape Pendant with...,191,3.4,0,229.2,38.19999999999999,0,Purple,Organic,1,5
Purple (Pink) Diamond Attached Heart Shape Pendant with...,999,3.4,0,1198.8,199.79999999999995,1,Purple,Organic,4,4
Combo of 4 Traditional 18 inch Daily Wear Necklace Set ...,126,3.4,0,151.2,25.19999999999999,0,Combo,Sponsored,3,1
Combo of 4 Traditional 18 inch Daily Wear Necklace Set ...,849,3.4,0,1018.8,169.79999999999995,1,Combo,Organic,4,5
"Brass, Alloy Gold-plated, Rhodium Gold, Blue Jewel Set",140,3.4,0,168.0,28.0,0,"Brass,",Organic,1,1
"Brass, Alloy Gold-plated, Rhodium Gold, Blue Jewel Set",749,3.4,0,898.8,149.79999999999995,0,"Brass,",Organic,5,2
Combo of 4 Pendant Necklace Chain for Women and Girls P...,139,3.4,0,166.79999999999998,27.799999999999983,0,Combo,Organic,3,3
Combo of 4 Pendant Necklace Chain for Women and Girls P...,999,3.4,0,1198.8,199.79999999999995,0,Combo,Organic,5,5
Combo of 4 Pendant Necklace Chain for Women and Girls P...,26,3.4,0,31.2,5.199999999999999,0,Combo,Organic,5,5
Copper 24 Inch For Women and Girls Diamond Gold-plated ...,138,3.4,0,165.6,27.599999999999994,0,Copper,Sponsored,2,5
Copper 24 Inch For Women and Girls Diamond Gold-plated ...,799,3.4,0,958.8,159.79999999999995,1,Copper,Sponsored,2,1
Brass Rose Gold Jewel Set,398,3.4,0,477.59999999999997,79.59999999999997,0,Brass,Sponsored,1,1
Brass Rose Gold Jewel Set,2799,3.4,0,3358.7999999999997,559.7999999999997,1,Brass,Sponsored,3,5
Brass Rhodium Blue Jewel Set,518,3.4,0,621.6,103.60000000000002,0,Brass,Organic,3,3
Brass Rhodium Blue Jewel Set,3699,3.4,0,4438.8,739.8000000000002,0,Brass,Organic,3,5
Brass Gold-plated Green Jewel Set,469,3.4,0,562.8,93.79999999999995,0,Brass,Organic,2,2
Brass Gold-plated Green Jewel Set,1699,3.4,0,2038.8,339.79999999999995,0,Brass,Sponsored,3,2
Brass Gold-plated Green Jewel Set,215,3.4,0,258.0,43.0,0,Brass,Organic,3,3
"Alloy Silver Silver, White Jewel Set",170,3.4,0,204.0,34.0,0,Alloy,Sponsored,1,3
"Alloy Silver Silver, White Jewel Set",499,3.4,0,598.8,99.79999999999995,0,Alloy,Organic,3,5
Brass Rhodium Yellow Jewel Set,518,3.4,0,621.6,103.60000000000002,0,Brass,Sponsored,3,3
Brass Rhodium Yellow Jewel Set,3699,3.4,0,4438.8,739.8000000000002,1,Brass,Sponsored,4,2
Brass Rhodium Blue Jewel Set,518,3.4,0,621.6,103.60000000000002,1,Brass,Organic,3,3
Brass Rhodium Blue Jewel Set,3699,3.4,0,4438.8,739.8000000000002,1,Brass,Organic,5,5
Brass Gold-plated Gold Jewel Set,186,3.4,0,223.2,37.19999999999999,0,Brass,Organic,3,5
Brass Gold-plated Gold Jewel Set,399,3.4,0,478.79999999999995,79.79999999999995,0,Brass,Organic,5,2
Wynona Magnetic four hearts clover pendant necklace Dia...,269,3.4,0,322.8,53.80000000000001,0,Wynona,Organic,4,3
Wynona Magnetic four hearts clover pendant necklace Dia...,999,3.4,0,1198.8,199.79999999999995,0,Wynona,Organic,4,1
"Brass Gold-plated Gold, Maroon Jewel Set",160,3.4,0,192.0,32.0,0,Brass,Sponsored,3,1
"Brass Gold-plated Gold, Maroon Jewel Set",999,3.4,0,1198.8,199.79999999999995,0,Brass,Organic,2,3
Metal Gold-plated Gold Jewel Set,400,3.4,0,480.0,80.0,0,Metal,Organic,5,3
Metal Gold-plated Gold Jewel Set,1999,3.4,0,2398.7999999999997,399.7999999999997,0,Metal,Organic,2,1
Brass Rhodium Blue Jewel Set,518,3.4,0,621.6,103.60000000000002,0,Brass,Organic,3,5
Brass Rhodium Blue Jewel Set,3699,3.4,0,4438.8,739.8000000000002,0,Brass,Organic,5,1
"Alloy Purple, Silver Jewel Set",1351,3.4,0,1621.2,270.20000000000005,0,Alloy,Sponsored,3,5
"Alloy Purple, Silver Jewel Set",2600,3.4,0,3120.0,520.0,0,Alloy,Organic,4,1
"Cubic Zirconia, Diamond Gold-plated, Rhodium Plated Mot...",149,3.4,0,178.79999999999998,29.799999999999983,0,Cubic,Organic,2,5
"Cubic Zirconia, Diamond Gold-plated, Rhodium Plated Mot...",999,3.4,0,1198.8,199.79999999999995,0,Cubic,Organic,4,1
Diamond Brass Plated Brass Necklace,203,3.4,0,243.6,40.599999999999994,1,Diamond,Sponsored,5,1
Diamond Brass Plated Brass Necklace,499,3.4,0,598.8,99.79999999999995,0,Diamond,Organic,1,2
Diamond Brass Plated Brass Necklace,180,3.8,842,216.0,36.0,0,Diamond,Sponsored,1,3
Diamond Brass Plated Brass Necklace,269,3.8,98,322.8,53.80000000000001,0,Diamond,Organic,2,3
Diamond Brass Plated Brass Necklace,151,3.8,23,181.2,30.19999999999999,0,Diamond,Organic,5,2
Diamond Brass Plated Brass Necklace,170,4.2,2762,204.0,34.0,0,Diamond,Organic,3,4
Diamond Brass Plated Brass Necklace,239,,0,286.8,47.80000000000001,0,Diamond,Organic,4,3
Necklaces & Chains,100,3.4,0,120.0,20.0,0,Necklaces,Organic,2,4
Necklaces & Chains,200,3.4,0,240.0,40.0,0,Necklaces,Organic,3,5
Necklaces & Chains,500,3.4,0,600.0,100.0,0,Necklaces,Organic,3,3
Necklaces & Chains,700,3.4,0,840.0,140.0,0,Necklaces,Organic,2,3
Necklaces & Chains,1500,3.4,0,1800.0,300.0,0,Necklaces,Organic,1,3
Necklaces & Chains,100,3.4,0,120.0,20.0,0,Necklaces,Organic,1,4
Necklaces & Chains,200,3.4,0,240.0,40.0,0,Necklaces,Sponsored,2,2
Necklaces & Chains,500,3.4,0,600.0,100.0,0,Necklaces,Sponsored,2,5
Necklaces & Chains,700,3.4,0,840.0,140.0,0,Necklaces,Organic,2,1
Necklaces & Chains,1500,3.4,0,1800.0,300.0,1,Necklaces,Sponsored,2,3
Necklaces & Chains,1500,3.4,0,1800.0,300.0,0,Necklaces,Organic,2,4
Diamond pendant for women Girls anti tarnish necklace c...,299,3.4,0,358.8,59.80000000000001,0,Diamond,Organic,3,5
Diamond pendant for women Girls anti tarnish necklace c...,999,3.4,0,1198.8,199.79999999999995,0,Diamond,Organic,5,3
Alloy Silver Jewel Set,374,3.4,0,448.8,74.80000000000001,0,Alloy,Organic,1,4
Alloy Silver Jewel Set,999,3.4,0,1198.8,199.79999999999995,0,Alloy,Organic,2,3
Diamond Crystal Necklace,160,3.4,0,192.0,32.0,0,Diamond,Organic,2,3
Diamond Crystal Necklace,399,3.4,0,478.79999999999995,79.79999999999995,1,Diamond,Organic,1,2
"Brass, Alloy Gold-plated, Rhodium Gold, Black Jewel Set",140,3.4,0,168.0,28.0,1,"Brass,",Sponsored,4,2
"Brass, Alloy Gold-plated, Rhodium Gold, Black Jewel Set",749,3.4,0,898.8,149.79999999999995,0,"Brass,",Organic,4,3
"Stylish Single line Choker, Necklace and Earrings Set, ...",88,3.4,0,105.6,17.599999999999994,0,Stylish,Organic,2,5
"Stylish Single line Choker, Necklace and Earrings Set, ...",1299,3.4,0,1558.8,259.79999999999995,0,Stylish,Organic,1,1
"Brass Silver Silver, White, Purple Jewel Set",176,3.4,0,211.2,35.19999999999999,1,Brass,Organic,1,5
"Brass Silver Silver, White, Purple Jewel Set",999,3.4,0,1198.8,199.79999999999995,0,Brass,Organic,3,5
"Alloy Silver, Pink Jewel Set",459,3.4,0,550.8,91.79999999999995,1,Alloy,Organic,3,1
"Alloy Silver, Pink Jewel Set",1999,3.4,0,2398.7999999999997,399.7999999999997,0,Alloy,Organic,5,4
Brass Rhodium Red Jewel Set,518,3.4,0,621.6,103.60000000000002,0,Brass,Organic,2,2
Brass Rhodium Red Jewel Set,3699,3.4,0,4438.8,739.8000000000002,0,Brass,Organic,3,2
Alloy Rhodium Silver Jewel Set,309,3.4,0,370.8,61.80000000000001,0,Alloy,Organic,3,2
Alloy Rhodium Silver Jewel Set,2499,3.4,0,2998.7999999999997,499.7999999999997,0,Alloy,Organic,4,4
"Brass, Alloy Gold-plated, Rhodium Gold, Green Jewel Set",140,3.4,0,168.0,28.0,0,"Brass,",Sponsored,4,2
"Brass, Alloy Gold-plated, Rhodium Gold, Green Jewel Set",749,3.4,0,898.8,149.79999999999995,0,"Brass,",Organic,1,5
"Alloy Gold-plated Green, Red, Gold, White Jewel Set",841,3.4,0,1009.1999999999999,168.19999999999993,1,Alloy,Organic,2,3
"Alloy Gold-plated Green, Red, Gold, White Jewel Set",2569,3.4,0,3082.7999999999997,513.7999999999997,0,Alloy,Sponsored,1,5
"Metal Purple, White Jewel Set",425,3.4,0,510.0,85.0,1,Metal,Sponsored,1,2
"Metal Purple, White Jewel Set",599,3.4,0,718.8,119.79999999999995,0,Metal,Organic,5,2
Diamond Palladium Plated Brass Necklace,249,3.4,0,298.8,49.80000000000001,0,Diamond,Organic,5,2
Diamond Palladium Plated Brass Necklace,1000,3.4,0,1200.0,200.0,0,Diamond,Organic,3,5
Alloy Rhodium White Jewel Set,348,3.4,0,417.59999999999997,69.59999999999997,1,Alloy,Organic,3,3
Alloy Rhodium White Jewel Set,4199,3.4,0,5038.8,839.8000000000002,0,Alloy,Organic,3,5
"Brass Gold-plated Gold, Maroon Jewel Set",156,3.4,0,187.2,31.19999999999999,0,Brass,Organic,4,1
"Brass Gold-plated Gold, Maroon Jewel Set",999,3.4,0,1198.8,199.79999999999995,0,Brass,Organic,4,5
"Brass, Alloy Gold-plated, Rhodium Gold, Red Jewel Set",140,3.4,0,168.0,28.0,0,"Brass,",Organic,4,5
"Brass, Alloy Gold-plated, Rhodium Gold, Red Jewel Set",749,3.4,0,898.8,149.79999999999995,1,"Brass,",Organic,3,1
Brass Rose Gold Jewel Set,398,3.4,0,477.59999999999997,79.59999999999997,0,Brass,Organic,1,5
Brass Rose Gold Jewel Set,3699,3.4,0,4438.8,739.8000000000002,0,Brass,Organic,1,3
Brass Rhodium Purple Jewel Set,518,3.4,0,621.6,103.60000000000002,0,Brass,Organic,5,2
Brass Rhodium Purple Jewel Set,3699,3.4,0,4438.8,739.8000000000002,0,Brass,Organic,3,1
BOGHRA SALES combo of 2 Rose-Gold Plated Necklace Chain...,149,3.4,0,178.79999999999998,29.799999999999983,0,BOGHRA,Sponsored,2,3
BOGHRA SALES combo of 2 Rose-Gold Plated Necklace Chain...,999,3.4,0,1198.8,199.79999999999995,0,BOGHRA,Organic,4,3
"Brass Gold-plated Silver, White Jewel Set",154,3.4,0,184.79999999999998,30.799999999999983,0,Brass,Organic,5,1
"Brass Gold-plated Silver, White Jewel Set",999,3.4,0,1198.8,199.79999999999995,0,Brass,Organic,2,5
Brass Rhodium Silver Jewel Set,815,3.4,0,978.0,163.0,1,Brass,Organic,1,1
Brass Rhodium Silver Jewel Set,2300,3.4,0,2760.0,460.0,1,Brass,Organic,3,3
Purple (Pink) Diamond Attached Heart Shape Pendant with...,191,3.4,0,229.2,38.19999999999999,0,Purple,Organic,3,1
Purple (Pink) Diamond Attached Heart Shape Pendant with...,999,3.4,0,1198.8,199.79999999999995,0,Purple,Organic,1,3
Combo of 4 Traditional 18 inch Daily Wear Necklace Set ...,126,3.4,0,151.2,25.19999999999999,0,Combo,Organic,1,3
Combo of 4 Traditional 18 inch Daily Wear Necklace Set ...,849,3.4,0,1018.8,169.79999999999995,0,Combo,Sponsored,3,5
"Brass, Alloy Gold-plated, Rhodium Gold, Blue Jewel Set",140,3.4,0,168.0,28.0,0,"Brass,",Sponsored,2,5
"Brass, Alloy Gold-plated, Rhodium Gold, Blue Jewel Set",749,3.4,0,898.8,149.79999999999995,1,"Brass,",Organic,4,1
Combo of 4 Pendant Necklace Chain for Women and Girls P...,139,3.4,0,166.79999999999998,27.799999999999983,0,Combo,Organic,2,2
Combo of 4 Pendant Necklace Chain for Women and Girls P...,999,3.4,0,1198.8,199.79999999999995,0,Combo,Organic,3,3
Combo of 4 Pendant Necklace Chain for Women and Girls P...,26,3.4,0,31.2,5.199999999999999,0,Combo,Organic,4,2
Copper 24 Inch For Women and Girls Diamond Gold-plated ...,138,3.4,0,165.6,27.599999999999994,0,Copper,Organic,1,4
Copper 24 Inch For Women and Girls Diamond Gold-plated ...,799,3.4,0,958.8,159.79999999999995,0,Copper,Organic,1,5
Brass Rose Gold Jewel Set,398,3.4,0,477.59999999999997,79.59999999999997,0,Brass,Sponsored,3,1
Brass Rose Gold Jewel Set,2799,3.4,0,3358.7999999999997,559.7999999999997,0,Brass,Organic,5,5
Brass Rhodium Blue Jewel Set,518,3.4,0,621.6,103.60000000000002,0,Brass,Organic,2,4
Brass Rhodium Blue Jewel Set,3699,3.4,0,4438.8,739.8000000000002,0,Brass,Organic,1,3
Brass Gold-plated Green Jewel Set,469,3.4,0,562.8,93.79999999999995,0,Brass,Organic,5,2
Brass Gold-plated Green Jewel Set,1699,3.4,0,2038.8,339.79999999999995,1,Brass,Organic,4,2
Brass Gold-plated Green Jewel Set,215,3.4,0,258.0,43.0,1,Brass,Organic,1,2
"Alloy Silver Silver, White Jewel Set",170,3.4,0,204.0,34.0,0,Alloy,Organic,2,2
"Alloy Silver Silver, White Jewel Set",499,3.4,0,598.8,99.79999999999995,0,Alloy,Organic,3,5
Brass Rhodium Yellow Jewel Set,518,3.4,0,621.6,103.60000000000002,0,Brass,Organic,4,1
Brass Rhodium Yellow Jewel Set,3699,3.4,0,4438.8,739.8000000000002,0,Brass,Sponsored,5,4
Brass Rhodium Blue Jewel Set,518,3.4,0,621.6,103.60000000000002,0,Brass,Organic,4,5
Brass Rhodium Blue Jewel Set,3699,3.4,0,4438.8,739.8000000000002,0,Brass,Sponsored,4,4
Brass Gold-plated Gold Jewel Set,186,3.4,0,223.2,37.19999999999999,0,Brass,Organic,1,4
Brass Gold-plated Gold Jewel Set,399,3.4,0,478.79999999999995,79.79999999999995,0,Brass,Organic,5,5
Wynona Magnetic four hearts clover pendant necklace Dia...,269,3.4,0,322.8,53.80000000000001,0,Wynona,Organic,3,5
Wynona Magnetic four hearts clover pendant necklace Dia...,999,3.4,0,1198.8,199.79999999999995,0,Wynona,Organic,1,2
"Brass Gold-plated Gold, Maroon Jewel Set",160,3.4,0,192.0,32.0,0,Brass,Organic,1,4
"Brass Gold-plated Gold, Maroon Jewel Set",999,3.4,0,1198.8,199.79999999999995,0,Brass,Sponsored,5,2
Metal Gold-plated Gold Jewel Set,400,3.4,0,480.0,80.0,0,Metal,Organic,5,3
Metal Gold-plated Gold Jewel Set,1999,3.4,0,2398.7999999999997,399.7999999999997,0,Metal,Organic,4,2
Brass Rhodium Blue Jewel Set,518,3.4,0,621.6,103.60000000000002,1,Brass,Organic,3,5
Brass Rhodium Blue Jewel Set,3699,3.4,0,4438.8,739.8000000000002,0,Brass,Organic,5,3
"Alloy Purple, Silver Jewel Set",1351,3.4,0,1621.2,270.20000000000005,0,Alloy,Organic,4,4
"Alloy Purple, Silver Jewel Set",2600,3.4,0,3120.0,520.0,0,Alloy,Organic,2,1
"Cubic Zirconia, Diamond Gold-plated, Rhodium Plated Mot...",149,3.4,0,178.79999999999998,29.799999999999983,0,Cubic,Organic,4,4
"Cubic Zirconia, Diamond Gold-plated, Rhodium Plated Mot...",999,3.4,0,1198.8,199.79999999999995,0,Cubic,Organic,3,2
Diamond Brass Plated Brass Necklace,203,3.4,0,243.6,40.599999999999994,0,Diamond,Organic,4,5
Diamond Brass Plated Brass Necklace,499,3.4,0,598.8,99.79999999999995,0,Diamond,Organic,5,1
Diamond Brass Plated Brass Necklace,180,3.8,842,216.0,36.0,0,Diamond,Organic,1,5
Diamond Brass Plated Brass Necklace,269,3.8,98,322.8,53.80000000000001,0,Diamond,Organic,3,3
Diamond Brass Plated Brass Necklace,151,3.8,23,181.2,30.19999999999999,0,Diamond,Organic,3,2
Diamond Brass Plated Brass Necklace,170,4.2,2762,204.0,34.0,0,Diamond,Organic,3,3
Diamond Brass Plated Brass Necklace,239,,0,286.8,47.80000000000001,0,Diamond,Sponsored,1,4
Unknown,299,3.4,0,358.8,59.80000000000001,0,Unknown,Sponsored,1,3
Necklaces & Chains,100,3.4,0,120.0,20.0,0,Necklaces,Organic,2,1
Necklaces & Chains,200,3.4,0,240.0,40.0,0,Necklaces,Organic,3,3
Necklaces & Chains,500,3.4,0,600.0,100.0,1,Necklaces,Organic,5,2
Necklaces & Chains,700,3.4,0,840.0,140.0,0,Necklaces,Organic,4,5
Necklaces & Chains,1500,3.4,0,1800.0,300.0,0,Necklaces,Organic,2,2
Necklaces & Chains,100,3.4,0,120.0,20.0,0,Necklaces,Organic,1,2
Necklaces & Chains,200,3.4,0,240.0,40.0,0,Necklaces,Sponsored,5,5
Necklaces & Chains,500,3.4,0,600.0,100.0,0,Necklaces,Organic,4,4
Necklaces & Chains,700,3.4,0,840.0,140.0,0,Necklaces,Organic,2,2
Necklaces & Chains,1500,3.4,0,1800.0,300.0,0,Necklaces,Organic,4,3
Necklaces & Chains,1500,3.4,0,1800.0,300.0,0,Necklaces,Organic,5,3
American diamond locket chain necklace for girl And wom...,114,3.4,0,136.79999999999998,22.799999999999983,0,American,Organic,2,2
American diamond locket chain necklace for girl And wom...,298,3.4,0,357.59999999999997,59.599999999999966,0,American,Sponsored,2,4
Copper Gold-plated Red Jewel Set,581,3.4,0,697.1999999999999,116.19999999999993,1,Copper,Organic,1,3
Copper Gold-plated Red Jewel Set,1399,3.4,0,1678.8,279.79999999999995,0,Copper,Organic,4,5
Pendant for Women girls Pendant Chain Locket necklace d...,191,3.4,0,229.2,38.19999999999999,0,Pendant,Organic,1,1
Pendant for Women girls Pendant Chain Locket necklace d...,1500,3.4,0,1800.0,300.0,0,Pendant,Sponsored,3,3
american diamond 1 Gram gold plated 24 inch mugappu cha...,271,3.4,0,325.2,54.19999999999999,1,american,Sponsored,3,4
american diamond 1 Gram gold plated 24 inch mugappu cha...,1199,3.4,0,1438.8,239.79999999999995,1,american,Organic,4,4
american diamond 1 Gram gold plated 24 inch mugappu cha...,250,3.4,0,300.0,50.0,0,american,Organic,1,4
american diamond 1 Gram gold plated 24 inch mugappu cha...,999,3.4,0,1198.8,199.79999999999995,0,american,Organic,3,2
"Alloy Rhodium, Silver Silver, White Jewel Set",208,3.4,0,249.6,41.599999999999994,0,Alloy,Organic,5,1
"Alloy Rhodium, Silver Silver, White Jewel Set",1599,3.4,0,1918.8,319.79999999999995,0,Alloy,Organic,4,1
"Brass Gold-plated Gold, White Jewel Set",199,3.4,0,238.79999999999998,39.79999999999998,0,Brass,Organic,3,1
"Brass Gold-plated Gold, White Jewel Set",399,3.4,0,478.79999999999995,79.79999999999995,0,Brass,Organic,1,2
"Brass Gold-plated Gold, Black Jewel Set",123,3.4,0,147.6,24.599999999999994,1,Brass,Organic,2,2
"Brass Gold-plated Gold, Black Jewel Set",699,3.4,0,838.8,139.79999999999995,0,Brass,Organic,2,4
Brass Gold-plated Gold Jewel Set,199,3.4,0,238.79999999999998,39.79999999999998,0,Brass,Organic,5,1
Brass Gold-plated Gold Jewel Set,399,3.4,0,478.79999999999995,79.79999999999995,1,Brass,Organic,1,1
Gold Plated Necklace chain for women and girls Diamond ...,150,3.4,0,180.0,30.0,1,Gold,Organic,4,5
Gold Plated Necklace chain for women and girls Diamond ...,999,3.4,0,1198.8,199.79999999999995,0,Gold,Organic,4,3
"Brass Gold-plated Rose Gold, White, Pink Jewel Set",151,3.4,0,181.2,30.19999999999999,1,Brass,Organic,4,1
"Brass Gold-plated Rose Gold, White, Pink Jewel Set",999,3.4,0,1198.8,199.79999999999995,0,Brass,Organic,4,4
Alloy Gold-plated Rose Gold Jewel Set,255,3.4,0,306.0,51.0,0,Alloy,Organic,2,3
Alloy Gold-plated Rose Gold Jewel Set,499,3.4,0,598.8,99.79999999999995,0,Alloy,Organic,2,4
American Diamond Micro Gold Pendant for Girl Diamond Go...,145,3.4,0,174.0,29.0,0,American,Organic,1,5
American Diamond Micro Gold Pendant for Girl Diamond Go...,899,3.4,0,1078.8,179.79999999999995,0,American,Organic,2,4
woman neckess/chain pandal Diamond Gold-plated Plated B...,564,3.4,0,676.8,112.79999999999995,0,woman,Organic,1,5
woman neckess/chain pandal Diamond Gold-plated Plated B...,1599,3.4,0,1918.8,319.79999999999995,0,woman,Sponsored,1,2
Diamond Brass Plated Alloy Necklace,183,3.4,0,219.6,36.599999999999994,0,Diamond,Organic,5,5
Diamond Brass Plated Alloy Necklace,499,3.4,0,598.8,99.79999999999995,0,Diamond,Organic,3,1
"Brass Gold-plated Gold, Maroon Jewel Set",179,3.4,0,214.79999999999998,35.79999999999998,0,Brass,Organic,4,5
"Brass Gold-plated Gold, Maroon Jewel Set",999,3.4,0,1198.8,199.79999999999995,1,Brass,Organic,1,3
"Brass, Stone, Crystal, Stainless Steel Gold-plated Silv...",160,3.4,0,192.0,32.0,0,"Brass,",Organic,3,4
"Brass, Stone, Crystal, Stainless Steel Gold-plated Silv...",999,3.4,0,1198.8,199.79999999999995,0,"Brass,",Sponsored,3,4
Stunning Pink Stone Silver-Toned Rhodium Plated Pendant...,219,3.4,0,262.8,43.80000000000001,0,Stunning,Sponsored,5,1
Stunning Pink Stone Silver-Toned Rhodium Plated Pendant...,599,3.4,0,718.8,119.79999999999995,0,Stunning,Organic,3,1
Wynona Magnetic four hearts clover pendant necklace Dia...,273,3.4,0,327.59999999999997,54.599999999999966,1,Wynona,Organic,5,1
Wynona Magnetic four hearts clover pendant necklace Dia...,999,3.4,0,1198.8,199.79999999999995,0,Wynona,Organic,3,3
Diamond Gold-plated Plated Alloy Necklace,168,3.4,0,201.6,33.599999999999994,0,Diamond,Organic,2,3
Diamond Gold-plated Plated Alloy Necklace,1299,3.4,0,1558.8,259.79999999999995,0,Diamond,Organic,5,1
Metal White Jewel Set,413,3.4,0,495.59999999999997,82.59999999999997,0,Metal,Organic,1,2
Metal White Jewel Set,599,3.4,0,718.8,119.79999999999995,1,Metal,Organic,2,3
Alloy Silver Silver Jewel Set,387,3.4,0,464.4,77.39999999999998,0,Alloy,Sponsored,4,5
Alloy Silver Silver Jewel Set,999,3.4,0,1198.8,199.79999999999995,0,Alloy,Organic,3,4
Diamond Gold-plated Plated Brass Necklace Set,157,3.4,0,188.4,31.400000000000006,0,Diamond,Organic,2,5
Diamond Gold-plated Plated Brass Necklace Set,899,3.4,0,1078.8,179.79999999999995,0,Diamond,Organic,2,2
Combo of 3 Pendant Chain for Women and girls Diamond Go...,110,3.4,0,132.0,22.0,1,Combo,Organic,5,5
Combo of 3 Pendant Chain for Women and girls Diamond Go...,999,3.4,0,1198.8,199.79999999999995,0,Combo,Organic,4,2
Copper Silver Green Jewel Set,183,3.4,0,219.6,36.599999999999994,0,Copper,Organic,4,1
Copper Silver Green Jewel Set,799,3.4,0,958.8,159.79999999999995,1,Copper,Organic,3,3
Copper Silver Green Jewel Set,210,3.4,0,252.0,42.0,0,Copper,Organic,5,5
Alloy Rhodium White Jewel Set,239,3.4,0,286.8,47.80000000000001,0,Alloy,Organic,4,5
Alloy Rhodium White Jewel Set,2499,3.4,0,2998.7999999999997,499.7999999999997,0,Alloy,Organic,5,2
"Brass Gold-plated Silver, White Jewel Set",151,3.4,0,181.2,30.19999999999999,0,Brass,Sponsored,1,4
"Brass Gold-plated Silver, White Jewel Set",999,3.4,0,1198.8,199.79999999999995,0,Brass,Organic,5,4
Brass Silver White Jewel Set,321,3.4,0,385.2,64.19999999999999,0,Brass,Sponsored,2,3
Brass Silver White Jewel Set,999,3.4,0,1198.8,199.79999999999995,0,Brass,Sponsored,4,4
Brass Silver White Jewel Set,210,3.4,0,252.0,42.0,1,Brass,Sponsored,5,3
Traditional Micro Gold Plated Chain Necklace Set For Wo...,317,3.4,0,380.4,63.39999999999998,0,Traditional,Organic,3,3
Traditional Micro Gold Plated Chain Necklace Set For Wo...,799,3.4,0,958.8,159.79999999999995,0,Traditional,Sponsored,2,2
Adjustable Couple Rings Lovers I love You H Name Letter...,192,3.4,0,230.39999999999998,38.39999999999998,0,Adjustable,Organic,2,2
Adjustable Couple Rings Lovers I love You H Name Letter...,1500,3.4,0,1800.0,300.0,0,Adjustable,Organic,4,2
Alloy Gold-plated Gold Jewel Set,154,3.4,0,184.79999999999998,30.799999999999983,1,Alloy,Organic,2,2
Alloy Gold-plated Gold Jewel Set,999,3.4,0,1198.8,199.79999999999995,0,Alloy,Organic,4,2
Alloy Rhodium Silver Jewel Set,282,3.4,0,338.4,56.39999999999998,0,Alloy,Organic,5,4
Alloy Rhodium Silver Jewel Set,2999,3.4,0,3598.7999999999997,599.7999999999997,0,Alloy,Sponsored,5,5
Alloy Red Jewel Set,600,3.4,0,720.0,120.0,0,Alloy,Organic,2,4
Alloy Red Jewel Set,999,3.4,0,1198.8,199.79999999999995,0,Alloy,Sponsored,3,1
Brass Gold-plated Gold Jewel Set,273,3.4,0,327.59999999999997,54.599999999999966,1,Brass,Organic,3,1
Brass Gold-plated Gold Jewel Set,499,3.4,0,598.8,99.79999999999995,0,Brass,Organic,4,2
Diamond Gold-plated Plated Alloy Necklace,239,3.4,0,286.8,47.80000000000001,0,Diamond,Organic,4,5
Diamond Gold-plated Plated Alloy Necklace,999,3.4,0,1198.8,199.79999999999995,0,Diamond,Organic,2,2
Diamond Gold-plated Plated Alloy Necklace,239,3.4,0,286.8,47.80000000000001,0,Diamond,Organic,1,3
Diamond Gold-plated Plated Alloy Necklace,999,3.4,0,1198.8,199.79999999999995,0,Diamond,Organic,4,1
Alloy Rhodium Silver Jewel Set,250,3.4,0,300.0,50.0,0,Alloy,Sponsored,2,2
Alloy Rhodium Silver Jewel Set,2299,3.4,0,2758.7999999999997,459.7999999999997,0,Alloy,Organic,4,1
"Brass Rhodium Silver, Pink Jewel Set",1253,3.4,0,1503.6,250.5999999999999,0,Brass,Organic,5,2
"Brass Rhodium Silver, Pink Jewel Set",2999,3.4,0,3598.7999999999997,599.7999999999997,0,Brass,Organic,4,4
Diamond Gold-plated Plated Alloy Necklace,239,3.4,0,286.8,47.80000000000001,0,Diamond,Organic,3,4
Diamond Gold-plated Plated Alloy Necklace,999,3.4,0,1198.8,199.79999999999995,0,Diamond,Organic,4,4
Diamond Gold-plated Plated Alloy Necklace,239,3.4,0,286.8,47.80000000000001,0,Diamond,Organic,5,5
Diamond Gold-plated Plated Alloy Necklace,999,3.4,0,1198.8,199.79999999999995,0,Diamond,Sponsored,5,5
Diamond Gold-plated Plated Alloy Necklace,180,3.8,842,216.0,36.0,0,Diamond,Organic,2,1
Diamond Gold-plated Plated Alloy Necklace,269,3.8,98,322.8,53.80000000000001,0,Diamond,Organic,4,3
Diamond Gold-plated Plated Alloy Necklace,151,3.8,23,181.2,30.19999999999999,0,Diamond,Organic,3,3
Diamond Gold-plated Plated Alloy Necklace,170,4.2,2762,204.0,34.0,0,Diamond,Organic,2,4
Diamond Gold-plated Plated Alloy Necklace,239,,0,286.8,47.80000000000001,1,Diamond,Organic,4,5
Necklaces & Chains,100,3.4,0,120.0,20.0,0,Necklaces,Organic,1,5
Necklaces & Chains,200,3.4,0,240.0,40.0,0,Necklaces,Organic,1,5
Necklaces & Chains,500,3.4,0,600.0,100.0,0,Necklaces,Organic,4,2
Necklaces & Chains,700,3.4,0,840.0,140.0,0,Necklaces,Organic,2,1
Necklaces & Chains,1500,3.4,0,1800.0,300.0,0,Necklaces,Organic,3,3
Necklaces & Chains,100,3.4,0,120.0,20.0,0,Necklaces,Sponsored,5,5
Necklaces & Chains,200,3.4,0,240.0,40.0,0,Necklaces,Organic,2,4
Necklaces & Chains,500,3.4,0,600.0,100.0,0,Necklaces,Sponsored,2,4
Necklaces & Chains,700,3.4,0,840.0,140.0,0,Necklaces,Organic,2,5
Necklaces & Chains,1500,3.4,0,1800.0,300.0,0,Necklaces,Sponsored,5,5
Necklaces & Chains,1500,3.4,0,1800.0,300.0,0,Necklaces,Sponsored,2,1
Brass Rhodium Blue Jewel Set,518,3.4,0,621.6,103.60000000000002,0,Brass,Sponsored,2,4
Brass Rhodium Blue Jewel Set,3699,3.4,0,4438.8,739.8000000000002,0,Brass,Organic,3,5
Brass Rhodium Green Jewel Set,518,3.4,0,621.6,103.60000000000002,0,Brass,Organic,2,4
Brass Rhodium Green Jewel Set,3699,3.4,0,4438.8,739.8000000000002,0,Brass,Organic,5,3
"Brass Gold-plated Silver, Green Jewel Set",179,3.4,0,214.79999999999998,35.79999999999998,0,Brass,Sponsored,4,2
"Brass Gold-plated Silver, Green Jewel Set",2499,3.4,0,2998.7999999999997,499.7999999999997,0,Brass,Organic,1,4
Diamond Gold-plated Plated Alloy Necklace,139,3.4,0,166.79999999999998,27.799999999999983,0,Diamond,Organic,5,3
Diamond Gold-plated Plated Alloy Necklace,1000,3.4,0,1200.0,200.0,1,Diamond,Organic,1,4
Combo of 4 Pendant Necklace Chain for Women and Girls P...,129,3.4,0,154.79999999999998,25.799999999999983,0,Combo,Organic,5,4
Combo of 4 Pendant Necklace Chain for Women and Girls P...,1199,3.4,0,1438.8,239.79999999999995,1,Combo,Organic,5,1
"Alloy Gold-plated White, Gold Jewel Set",166,3.4,0,199.2,33.19999999999999,0,Alloy,Sponsored,2,2
"Alloy Gold-plated White, Gold Jewel Set",890,3.4,0,1068.0,178.0,0,Alloy,Organic,2,3
Angel Wing Dangling Diamond Necklace Gold-plated Plated...,1137,3.4,0,1364.3999999999999,227.39999999999986,0,Angel,Organic,4,4
Angel Wing Dangling Diamond Necklace Gold-plated Plated...,2669,3.4,0,3202.7999999999997,533.7999999999997,0,Angel,Organic,1,1
Heart Four Leaf Clover Pendant Neck Sterling Silver Pea...,165,3.4,0,198.0,33.0,0,Heart,Organic,2,2
Heart Four Leaf Clover Pendant Neck Sterling Silver Pea...,999,3.4,0,1198.8,199.79999999999995,0,Heart,Sponsored,1,3
4mm Single Layer Crystal Nazriya Protection mala Women/...,160,3.4,0,192.0,32.0,0,4mm,Organic,1,4
4mm Single Layer Crystal Nazriya Protection mala Women/...,499,3.4,0,598.8,99.79999999999995,0,4mm,Organic,4,5
"necklace for Women And Girlsgirls and women Pearl, Diam...",109,3.4,0,130.79999999999998,21.799999999999983,0,necklace,Sponsored,1,3
"necklace for Women And Girlsgirls and women Pearl, Diam...",739,3.4,0,886.8,147.79999999999995,0,necklace,Organic,3,2
Brass Rhodium Blue Jewel Set,518,3.4,0,621.6,103.60000000000002,0,Brass,Organic,1,3
Brass Rhodium Blue Jewel Set,3699,3.4,0,4438.8,739.8000000000002,0,Brass,Sponsored,3,3
Alloy Silver Jewel Set,219,3.4,0,262.8,43.80000000000001,0,Alloy,Sponsored,2,4
Alloy Silver Jewel Set,899,3.4,0,1078.8,179.79999999999995,0,Alloy,Organic,1,3
Trendy Diamond Chain Necklace Combo Pack Of 5 For Women...,130,3.4,0,156.0,26.0,0,Trendy,Organic,1,4
Trendy Diamond Chain Necklace Combo Pack Of 5 For Women...,1299,3.4,0,1558.8,259.79999999999995,0,Trendy,Organic,5,3
New Stylist Necklace Chain Combo Pack Of 3 Brass For Wo...,121,3.4,0,145.2,24.19999999999999,0,New,Organic,1,4
New Stylist Necklace Chain Combo Pack Of 3 Brass For Wo...,1699,3.4,0,2038.8,339.79999999999995,1,New,Organic,4,1
"Alloy Silver Silver, White Jewel Set",499,3.4,0,598.8,99.79999999999995,1,Alloy,Sponsored,4,5
"Alloy Silver Silver, White Jewel Set",1200,3.4,0,1440.0,240.0,0,Alloy,Organic,5,5
Lotus Devil'S Eye Necklace Set Women Jewellery Accessor...,160,3.4,0,192.0,32.0,0,Lotus,Organic,2,4
Lotus Devil'S Eye Necklace Set Women Jewellery Accessor...,799,3.4,0,958.8,159.79999999999995,0,Lotus,Organic,5,2
Four Magnetic Hearts Clover Two In One Silver Pendant N...,168,3.4,0,201.6,33.599999999999994,0,Four,Organic,3,2
Four Magnetic Hearts Clover Two In One Silver Pendant N...,1999,3.4,0,2398.7999999999997,399.7999999999997,0,Four,Organic,5,1
Brass Gold-plated Black Jewel Set,314,3.4,0,376.8,62.80000000000001,0,Brass,Organic,3,1
Brass Gold-plated Black Jewel Set,899,3.4,0,1078.8,179.79999999999995,0,Brass,Organic,3,2
Combo of 4 Pendant Necklace Chain for Women and Girls P...,139,3.4,0,166.79999999999998,27.799999999999983,0,Combo,Sponsored,2,2
Combo of 4 Pendant Necklace Chain for Women and Girls P...,999,3.4,0,1198.8,199.79999999999995,0,Combo,Organic,5,2
"Alloy Green, Gold, Silver Jewel Set",350,3.4,0,420.0,70.0,0,Alloy,Organic,1,1
"Alloy Green, Gold, Silver Jewel Set",599,3.4,0,718.8,119.79999999999995,1,Alloy,Organic,4,5
Alloy Silver Pink Jewel Set,422,3.4,0,506.4,84.39999999999998,0,Alloy,Organic,2,2
Alloy Silver Pink Jewel Set,1499,3.4,0,1798.8,299.79999999999995,0,Alloy,Organic,2,4
"925 Sterling Silver Teardrop Diamond Pendant for Women,...",2519,3.4,0,3022.7999999999997,503.7999999999997,0,925,Organic,4,2
"925 Sterling Silver Teardrop Diamond Pendant for Women,...",2999,3.4,0,3598.7999999999997,599.7999999999997,1,925,Sponsored,3,5
Brass Gold-plated Gold Jewel Set,273,3.4,0,327.59999999999997,54.599999999999966,1,Brass,Organic,2,1
Brass Gold-plated Gold Jewel Set,499,3.4,0,598.8,99.79999999999995,0,Brass,Organic,4,1
"Brass Silver Silver, White Jewel Set",215,3.4,0,258.0,43.0,0,Brass,Organic,3,4
"Brass Silver Silver, White Jewel Set",999,3.4,0,1198.8,199.79999999999995,0,Brass,Organic,2,3
BOGHRA SALES combo of 2 Rose-Gold Plated Necklace Chain...,129,3.4,0,154.79999999999998,25.799999999999983,0,BOGHRA,Organic,1,5
BOGHRA SALES combo of 2 Rose-Gold Plated Necklace Chain...,999,3.4,0,1198.8,199.79999999999995,0,BOGHRA,Organic,5,2
shimmering beautiful pack of 6 necklace combo for women...,139,3.4,0,166.79999999999998,27.799999999999983,0,shimmering,Organic,1,3
shimmering beautiful pack of 6 necklace combo for women...,999,3.4,0,1198.8,199.79999999999995,0,shimmering,Organic,3,1
Alloy Multicolor Jewel Set,1399,3.4,0,1678.8,279.79999999999995,0,Alloy,Organic,5,4
Alloy Multicolor Jewel Set,2700,3.4,0,3240.0,540.0,0,Alloy,Organic,5,5
Brass Rhodium Red Jewel Set,518,3.4,0,621.6,103.60000000000002,0,Brass,Organic,5,5
Brass Rhodium Red Jewel Set,3699,3.4,0,4438.8,739.8000000000002,1,Brass,Organic,3,5
Lumiere Fancy Gold heart shaped clover foldable magneti...,286,3.4,0,343.2,57.19999999999999,0,Lumiere,Organic,3,2
Lumiere Fancy Gold heart shaped clover foldable magneti...,999,3.4,0,1198.8,199.79999999999995,0,Lumiere,Organic,3,5
Combo of 3 Necklace Pendant Chain for Women and girls D...,97,3.4,0,116.39999999999999,19.39999999999999,0,Combo,Organic,1,3
Combo of 3 Necklace Pendant Chain for Women and girls D...,999,3.4,0,1198.8,199.79999999999995,0,Combo,Organic,2,2
"Brass, Crystal, Copper Gold-plated, Platinum Gold Jewel...",1898,3.4,0,2277.6,379.5999999999999,0,"Brass,",Organic,3,3
"Brass, Crystal, Copper Gold-plated, Platinum Gold Jewel...",2999,3.4,0,3598.7999999999997,599.7999999999997,0,"Brass,",Organic,2,1
"Alloy Gold-plated Gold, Red Jewel Set",250,3.4,0,300.0,50.0,0,Alloy,Organic,4,1
"Alloy Gold-plated Gold, Red Jewel Set",500,3.4,0,600.0,100.0,0,Alloy,Sponsored,1,4
"Cubic Zirconia, Diamond Gold-plated Plated Brass Neckla...",215,3.4,0,258.0,43.0,0,Cubic,Organic,2,2
"Cubic Zirconia, Diamond Gold-plated Plated Brass Neckla...",999,3.4,0,1198.8,199.79999999999995,1,Cubic,Organic,1,4
pendant for women korean magnet heart pendant Rose Gold...,211,3.4,0,253.2,42.19999999999999,0,pendant,Organic,1,2
pendant for women korean magnet heart pendant Rose Gold...,1250,3.4,0,1500.0,250.0,0,pendant,Sponsored,4,5
"Alloy Silver Green, Silver Jewel Set",173,3.4,0,207.6,34.599999999999994,0,Alloy,Organic,3,2
"Alloy Silver Green, Silver Jewel Set",999,3.4,0,1198.8,199.79999999999995,0,Alloy,Sponsored,5,4
"Brass, Stone, Crystal, Stainless Steel Gold-plated Silv...",147,3.4,0,176.4,29.400000000000006,0,"Brass,",Organic,1,4
"Brass, Stone, Crystal, Stainless Steel Gold-plated Silv...",999,3.4,0,1198.8,199.79999999999995,0,"Brass,",Organic,3,3
Pack of 1 Pendant Necklace Chain for Women and Girls Pe...,286,3.4,0,343.2,57.19999999999999,1,Pack,Organic,4,2
Pack of 1 Pendant Necklace Chain for Women and Girls Pe...,1299,3.4,0,1558.8,259.79999999999995,1,Pack,Organic,2,2
925 Sterling Silver Deer Heart Diamond Pendant for Wome...,4799,3.4,0,5758.8,959.8000000000002,0,925,Sponsored,1,4
925 Sterling Silver Deer Heart Diamond Pendant for Wome...,4999,3.4,0,5998.8,999.8000000000002,0,925,Sponsored,4,1
Premium Silver-Plated Blue Tupli Sapphire Pendant Neckl...,279,3.4,0,334.8,55.80000000000001,0,Premium,Organic,3,5
Premium Silver-Plated Blue Tupli Sapphire Pendant Neckl...,999,3.4,0,1198.8,199.79999999999995,0,Premium,Sponsored,4,4
Premium Silver-Plated Blue Tupli Sapphire Pendant Neckl...,2003,3.4,0,2403.6,400.5999999999999,0,Premium,Organic,5,3
"Alloy Silver Silver, Blue Jewel Set",499,3.4,0,598.8,99.79999999999995,0,Alloy,Organic,4,5
"Alloy Silver Silver, Blue Jewel Set",1200,3.4,0,1440.0,240.0,1,Alloy,Sponsored,5,1
"Alloy Silver Silver, Blue Jewel Set",180,3.8,842,216.0,36.0,0,Alloy,Organic,2,1
"Alloy Silver Silver, Blue Jewel Set",269,3.8,98,322.8,53.80000000000001,0,Alloy,Organic,1,5
"Alloy Silver Silver, Blue Jewel Set",151,3.8,23,181.2,30.19999999999999,0,Alloy,Organic,1,2
"Alloy Silver Silver, Blue Jewel Set",170,4.2,2762,204.0,34.0,0,Alloy,Organic,3,4
"Alloy Silver Silver, Blue Jewel Set",239,,0,286.8,47.80000000000001,1,Alloy,Sponsored,5,3
Necklaces & Chains,100,3.4,0,120.0,20.0,1,Necklaces,Organic,2,2
Necklaces & Chains,200,3.4,0,240.0,40.0,0,Necklaces,Organic,1,1
Necklaces & Chains,500,3.4,0,600.0,100.0,0,Necklaces,Organic,5,3
Necklaces & Chains,700,3.4,0,840.0,140.0,0,Necklaces,Organic,5,4
Necklaces & Chains,1500,3.4,0,1800.0,300.0,0,Necklaces,Organic,5,4
Necklaces & Chains,100,3.4,0,120.0,20.0,0,Necklaces,Organic,2,2
Necklaces & Chains,200,3.4,0,240.0,40.0,0,Necklaces,Sponsored,3,5
Necklaces & Chains,500,3.4,0,600.0,100.0,0,Necklaces,Sponsored,4,2
Necklaces & Chains,700,3.4,0,840.0,140.0,0,Necklaces,Sponsored,4,1
Necklaces & Chains,1500,3.4,0,1800.0,300.0,0,Necklaces,Organic,4,1
Necklaces & Chains,1500,3.4,0,1800.0,300.0,0,Necklaces,Organic,5,1
"Stone, Alloy Silver Green, Silver Jewel Set",233,3.4,0,279.59999999999997,46.599999999999966,0,"Stone,",Organic,1,4
"Stone, Alloy Silver Green, Silver Jewel Set",666,3.4,0,799.1999999999999,133.19999999999993,0,"Stone,",Sponsored,4,1
Alloy Gold-plated Gold Jewel Set,549,3.4,0,658.8,109.79999999999995,0,Alloy,Organic,4,2
Alloy Gold-plated Gold Jewel Set,1799,3.4,0,2158.7999999999997,359.7999999999997,0,Alloy,Organic,3,4
Diamond Gold Plated Queen Necklace Chain Diamond Gold-p...,147,3.4,0,176.4,29.400000000000006,0,Diamond,Organic,3,4
Diamond Gold Plated Queen Necklace Chain Diamond Gold-p...,599,3.4,0,718.8,119.79999999999995,1,Diamond,Organic,3,2
Diamond Gold Plated Queen Necklace Chain Diamond Gold-p...,26,3.4,0,31.2,5.199999999999999,1,Diamond,Organic,1,3
Silver Diamond Stainless Steel Pendant,184,3.4,0,220.79999999999998,36.79999999999998,1,Silver,Organic,3,3
Silver Diamond Stainless Steel Pendant,999,3.4,0,1198.8,199.79999999999995,0,Silver,Sponsored,1,3
Alloy Silver White Jewel Set,163,3.4,0,195.6,32.599999999999994,1,Alloy,Organic,3,4
Alloy Silver White Jewel Set,899,3.4,0,1078.8,179.79999999999995,0,Alloy,Organic,4,2
Alloy Silver White Jewel Set,210,3.4,0,252.0,42.0,0,Alloy,Organic,1,3
Brass Gold-plated Gold Jewel Set,180,3.4,0,216.0,36.0,0,Brass,Sponsored,5,5
Brass Gold-plated Gold Jewel Set,399,3.4,0,478.79999999999995,79.79999999999995,0,Brass,Organic,4,1
Brass Gold-plated Gold Jewel Set,311,3.4,0,373.2,62.19999999999999,0,Brass,Sponsored,5,5
Brass Gold-plated Gold Jewel Set,999,3.4,0,1198.8,199.79999999999995,1,Brass,Organic,4,3
"925 Sterling Silver Infinity Diamond Pendant for Women,...",3058,3.4,0,3669.6,611.5999999999999,0,925,Sponsored,5,4
"925 Sterling Silver Infinity Diamond Pendant for Women,...",3999,3.4,0,4798.8,799.8000000000002,0,925,Sponsored,4,3
"Brass Gold-plated Gold, Rose Gold, White, Green, Pink J...",240,3.4,0,288.0,48.0,0,Brass,Sponsored,4,4
"Brass Gold-plated Gold, Rose Gold, White, Green, Pink J...",999,3.4,0,1198.8,199.79999999999995,0,Brass,Organic,4,4
Alloy Rhodium White Jewel Set,208,3.4,0,249.6,41.599999999999994,0,Alloy,Sponsored,5,2
Alloy Rhodium White Jewel Set,2099,3.4,0,2518.7999999999997,419.7999999999997,1,Alloy,Organic,2,1
Brass Rhodium Silver Jewel Set,2784,3.4,0,3340.7999999999997,556.7999999999997,0,Brass,Organic,2,1
Brass Rhodium Silver Jewel Set,5299,3.4,0,6358.8,1059.8000000000002,0,Brass,Organic,1,5
New Trendy Heart Diamond RoseGold Plated Chain For Girl...,167,3.4,0,200.4,33.400000000000006,0,New,Organic,2,4
New Trendy Heart Diamond RoseGold Plated Chain For Girl...,1099,3.4,0,1318.8,219.79999999999995,0,New,Organic,3,4
Brado Jewellery Micro Gold Plated White American Diamon...,122,3.4,0,146.4,24.400000000000006,1,Brado,Organic,2,2
Brado Jewellery Micro Gold Plated White American Diamon...,999,3.4,0,1198.8,199.79999999999995,0,Brado,Organic,5,3
"Brass Gold-plated Gold, Pink Jewel Set",160,3.4,0,192.0,32.0,0,Brass,Organic,4,5
"Brass Gold-plated Gold, Pink Jewel Set",1999,3.4,0,2398.7999999999997,399.7999999999997,1,Brass,Organic,4,5
"Brass Gold-plated Gold, Pink Jewel Set",210,3.4,0,252.0,42.0,0,Brass,Organic,2,2
18k Gold Plated Waterproof Butterfly necklace chain pen...,186,3.4,0,223.2,37.19999999999999,0,18k,Organic,4,4
18k Gold Plated Waterproof Butterfly necklace chain pen...,1499,3.4,0,1798.8,299.79999999999995,0,18k,Organic,2,5
Premium Gold-Plated Green Water Drop Emerald Pendant Ne...,307,3.4,0,368.4,61.39999999999998,0,Premium,Organic,1,3
Premium Gold-Plated Green Water Drop Emerald Pendant Ne...,999,3.4,0,1198.8,199.79999999999995,0,Premium,Organic,3,3
Premium Gold-Plated Green Water Drop Emerald Pendant Ne...,3006,3.4,0,3607.2,601.1999999999998,0,Premium,Organic,4,2
Crystal Gold-plated Plated Stainless Steel Necklace,239,3.4,0,286.8,47.80000000000001,0,Crystal,Organic,2,5
Crystal Gold-plated Plated Stainless Steel Necklace,999,3.4,0,1198.8,199.79999999999995,0,Crystal,Organic,1,4
Pack of 1 Pendant Necklace Chain Combo Set for Women an...,1376,3.4,0,1651.2,275.20000000000005,0,Pack,Organic,3,1
Pack of 1 Pendant Necklace Chain Combo Set for Women an...,2999,3.4,0,3598.7999999999997,599.7999999999997,0,Pack,Organic,3,3
"Alloy Jewelry set, jewellery set Diamond Gold-plated Pl...",142,3.4,0,170.4,28.400000000000006,0,Alloy,Sponsored,5,5
"Alloy Jewelry set, jewellery set Diamond Gold-plated Pl...",999,3.4,0,1198.8,199.79999999999995,0,Alloy,Organic,1,2
"Alloy Jewelry set, jewellery set Diamond Gold-plated Pl...",2003,3.4,0,2403.6,400.5999999999999,0,Alloy,Organic,1,3
Brass Gold-plated Red Jewel Set,313,3.4,0,375.59999999999997,62.599999999999966,1,Brass,Organic,2,5
Brass Gold-plated Red Jewel Set,1499,3.4,0,1798.8,299.79999999999995,0,Brass,Organic,4,2
Royaleclassic Copper Plated Shinning Pendant Necklace f...,398,3.4,0,477.59999999999997,79.59999999999997,0,Royaleclassic,Organic,5,4
Royaleclassic Copper Plated Shinning Pendant Necklace f...,1499,3.4,0,1798.8,299.79999999999995,0,Royaleclassic,Organic,1,5
925 Sterling Silver Leaf Diamond Pendant for Women & Gi...,3245,3.4,0,3894.0,649.0,0,925,Organic,1,1
925 Sterling Silver Leaf Diamond Pendant for Women & Gi...,6199,3.4,0,7438.799999999999,1239.7999999999993,0,925,Organic,1,3
RoseGold Plated Necklace Chain for Women & Girls Diamon...,140,3.4,0,168.0,28.0,0,RoseGold,Organic,4,4
RoseGold Plated Necklace Chain for Women & Girls Diamon...,999,3.4,0,1198.8,199.79999999999995,0,RoseGold,Organic,5,2
"MOPU NECKLACE Cubic Zirconia, Diamond Gold-plated Plate...",260,3.4,0,312.0,52.0,1,MOPU,Sponsored,1,4
"MOPU NECKLACE Cubic Zirconia, Diamond Gold-plated Plate...",999,3.4,0,1198.8,199.79999999999995,1,MOPU,Organic,3,1
Brass Brass White Jewel Set,1585,3.4,0,1902.0,317.0,1,Brass,Organic,3,2
Brass Brass White Jewel Set,4999,3.4,0,5998.8,999.8000000000002,0,Brass,Organic,5,2
Brass Brass White Jewel Set,215,3.4,0,258.0,43.0,0,Brass,Organic,3,5
Combo of 4 Pendant Necklace Chain for Women and Girls P...,129,3.4,0,154.79999999999998,25.799999999999983,0,Combo,Organic,3,1
Combo of 4 Pendant Necklace Chain for Women and Girls P...,999,3.4,0,1198.8,199.79999999999995,0,Combo,Organic,5,4
Combo of 4 Pendant Necklace Chain for Women and Girls P...,26,3.4,0,31.2,5.199999999999999,0,Combo,Organic,4,1
Brass Rhodium Silver Jewel Set,3219,3.4,0,3862.7999999999997,643.7999999999997,0,Brass,Organic,1,2
Brass Rhodium Silver Jewel Set,6199,3.4,0,7438.799999999999,1239.7999999999993,0,Brass,Organic,3,2
Brass Gold-plated Gold Jewel Set,311,3.4,0,373.2,62.19999999999999,1,Brass,Organic,1,2
Brass Gold-plated Gold Jewel Set,999,3.4,0,1198.8,199.79999999999995,0,Brass,Organic,2,2
"Alloy Pearl, Cubic Zirconia, Diamond, Crystal, Zircon S...",157,3.4,0,188.4,31.400000000000006,0,Alloy,Sponsored,4,3
"Alloy Pearl, Cubic Zirconia, Diamond, Crystal, Zircon S...",699,3.4,0,838.8,139.79999999999995,0,Alloy,Organic,2,3
Brass Gold-plated Green Jewel Set,226,3.4,0,271.2,45.19999999999999,0,Brass,Organic,2,3
Brass Gold-plated Green Jewel Set,599,3.4,0,718.8,119.79999999999995,1,Brass,Organic,5,2
Brass Gold-plated Green Jewel Set,556,3.4,0,667.1999999999999,111.19999999999993,0,Brass,Organic,1,5
Brass Gold-plated Green Jewel Set,2799,3.4,0,3358.7999999999997,559.7999999999997,0,Brass,Organic,4,4
Charming Stone Heart Pearl Neck Chain for Women & Girls...,679,3.4,0,814.8,135.79999999999995,0,Charming,Sponsored,5,5
Charming Stone Heart Pearl Neck Chain for Women & Girls...,999,3.4,0,1198.8,199.79999999999995,0,Charming,Organic,5,5
Brass Gold-plated Gold Jewel Set,180,3.4,0,216.0,36.0,0,Brass,Organic,1,5
Brass Gold-plated Gold Jewel Set,399,3.4,0,478.79999999999995,79.79999999999995,0,Brass,Organic,1,2
Alloy Rhodium White Jewel Set,170,3.4,0,204.0,34.0,1,Alloy,Organic,1,2
Alloy Rhodium White Jewel Set,1799,3.4,0,2158.7999999999997,359.7999999999997,1,Alloy,Sponsored,4,4
Alloy Gold-plated Blue Jewel Set,3145,3.4,0,3774.0,629.0,0,Alloy,Sponsored,4,1
Combo of 4 Traditional 18 inch Daily Wear Necklace Set ...,144,3.4,0,172.79999999999998,28.799999999999983,1,Combo,Organic,3,5
Combo of 4 Traditional 18 inch Daily Wear Necklace Set ...,999,3.4,0,1198.8,199.79999999999995,0,Combo,Organic,3,1
Gleve Anti Tarnish Stainless Steel Gold Single Diamond ...,225,3.4,0,270.0,45.0,0,Gleve,Sponsored,3,3
Gleve Anti Tarnish Stainless Steel Gold Single Diamond ...,999,3.4,0,1198.8,199.79999999999995,0,Gleve,Organic,1,4
925 Sterling Silver Heart Lock Diamond Pendant for Wome...,2904,3.4,0,3484.7999999999997,580.7999999999997,1,925,Organic,3,4
925 Sterling Silver Heart Lock Diamond Pendant for Wome...,5799,3.4,0,6958.8,1159.8000000000002,1,925,Organic,5,2
"Pearl, Diamond Gold-plated Plated Brass Necklace",121,3.4,0,145.2,24.19999999999999,0,"Pearl,",Organic,1,5
"Pearl, Diamond Gold-plated Plated Brass Necklace",999,3.4,0,1198.8,199.79999999999995,0,"Pearl,",Organic,5,3
"Brass Gold-plated Gold, White Jewel Set",285,3.4,0,342.0,57.0,0,Brass,Sponsored,2,2
"Brass Gold-plated Gold, White Jewel Set",699,3.4,0,838.8,139.79999999999995,0,Brass,Sponsored,1,2
"Brass Gold-plated Gold, White Jewel Set",180,3.8,842,216.0,36.0,0,Brass,Sponsored,5,5
"Brass Gold-plated Gold, White Jewel Set",269,3.8,98,322.8,53.80000000000001,0,Brass,Sponsored,4,1
"Brass Gold-plated Gold, White Jewel Set",151,3.8,23,181.2,30.19999999999999,1,Brass,Organic,5,3
"Brass Gold-plated Gold, White Jewel Set",170,4.2,2762,204.0,34.0,1,Brass,Organic,1,2
"Brass Gold-plated Gold, White Jewel Set",239,,0,286.8,47.80000000000001,0,Brass,Organic,3,4
